id	code	name	cat	grp	subgrp	unit	material_form	density_kg_m3	section_area_mm2	material	grade	thickness	width	len	depth	area_field
1230063	26RM01511	Stud	rm	STUD	NULL	PC	NULL	NULL	NULL	NULL	NULL	NULL	NULL	NULL	NULL	NULL
540062	RM00001	MS Plate 6 x 1500 x 6000 E350 BO	rm	plat	MSE350BO	nos	plate	7850.000	NULL	MS	E350 BO	6.000000	1500.000000	6000.000000	NULL	NULL
540063	RM00002	MS Plate 9 x 1500 x 6000 E350 BO	rm	plat	MSE350BO	nos	plate	7850.000	NULL	MS	E350 BO	9.000000	1500.000000	6000.000000	NULL	NULL
540064	RM00003	MS Plate 10 x 1000 x 1500 E350 BO	rm	plat	MSE350BO	nos	plate	7850.000	NULL	MS	E350 BO	10.000000	1000.000000	1500.000000	NULL	NULL
540065	RM00004	MS Plate 10 x 1500 x 1500 E350 BO	rm	plat	MSE350BO	nos	plate	7850.000	NULL	MS	E350 BO	10.000000	1500.000000	1500.000000	NULL	NULL
540066	RM00005	MS Plate 11 x 2000 x 6000 E350 BO	rm	plat	MSE350BO	nos	plate	7850.000	NULL	MS	E350 BO	11.000000	2000.000000	6000.000000	NULL	NULL
540067	RM00006	MS Plate 12 x 2300 x 2500 E350 BO	rm	plat	MSE350BO	nos	plate	7850.000	NULL	MS	E350 BO	12.000000	2300.000000	2500.000000	NULL	NULL
540068	RM00007	MS Plate 12 x 2600 x 10500 E350 BO	rm	plat	MSE350BO	nos	plate	7850.000	NULL	MS	E350 BO	12.000000	2600.000000	10500.000000	NULL	NULL
540069	RM00008	MS Plate 12 x 2500 x 12000 E350 BO	rm	plat	MSE350BO	nos	plate	7850.000	NULL	MS	E350 BO	12.000000	2500.000000	12000.000000	NULL	NULL
540070	RM00009	MS Plate 12 x 2600 x 12000 E350 BO	rm	plat	MSE350BO	nos	plate	7850.000	NULL	MS	E350 BO	12.000000	2600.000000	12000.000000	NULL	NULL
540071	RM00010	MS Plate 12 x 2500 x 12000 E250 BO	rm	plat	MSE250BO	nos	plate	7850.000	NULL	MS	E250 BO	12.000000	2500.000000	12000.000000	NULL	NULL
540072	RM00011	MS Plate 12 x 2000 x 12000 E250 BO	rm	plat	MSE250BO	nos	plate	7850.000	NULL	MS	E250 BO	12.000000	2000.000000	12000.000000	NULL	NULL
540073	RM00012	MS Plate 12 x 2300 x 12000 E350 BO	rm	plat	MSE350BO	nos	plate	7850.000	NULL	MS	E350 BO	12.000000	2300.000000	12000.000000	NULL	NULL
540074	RM00013	MS Plate 12 x 2000 x 12000 E350 BO	rm	plat	MSE350BO	nos	plate	7850.000	NULL	MS	E350 BO	12.000000	2000.000000	12000.000000	NULL	NULL
540075	RM00014	MS Plate 12 x 2500 x 12000 E350 BR	rm	plat	MSE350BR	nos	plate	7850.000	NULL	MS	E350 BR	12.000000	2500.000000	12000.000000	NULL	NULL
540076	RM00015	MS Plate 12 x 2500 x 12100 E350 BO	rm	plat	MSE350BO	nos	plate	7850.000	NULL	MS	E350 BO	12.000000	2500.000000	12100.000000	NULL	NULL
540077	RM00016	MS Plate 14 x 2000 x 6000 E350 BO	rm	plat	MSE350BO	nos	plate	7850.000	NULL	MS	E350 BO	14.000000	2000.000000	6000.000000	NULL	NULL
540078	RM00017	MS Plate 16 x 2000 x 6300 E350 BO	rm	plat	MSE350BO	nos	plate	7850.000	NULL	MS	E350 BO	16.000000	2000.000000	6300.000000	NULL	NULL
540079	RM00018	MS Plate 16 x 2300 x 6500 E350 BO	rm	plat	MSE350BO	nos	plate	7850.000	NULL	MS	E350 BO	16.000000	2300.000000	6500.000000	NULL	NULL
540080	RM00019	MS Plate 16 x 2000 x 8000 E350 BO	rm	plat	MSE350BO	nos	plate	7850.000	NULL	MS	E350 BO	16.000000	2000.000000	8000.000000	NULL	NULL
540081	RM00020	MS Plate 16 x 2350 x 9000 E250 BO	rm	plat	MSE250BO	nos	plate	7850.000	NULL	MS	E250 BO	16.000000	2350.000000	9000.000000	NULL	NULL
540082	RM00021	MS Plate 16 x 2500 x 9000 E250 BO	rm	plat	MSE250BO	nos	plate	7850.000	NULL	MS	E250 BO	16.000000	2500.000000	9000.000000	NULL	NULL
540083	RM00022	MS Plate 16 x 2300 x 10000 E350 BR	rm	plat	MSE350BR	nos	plate	7850.000	NULL	MS	E350 BR	16.000000	2300.000000	10000.000000	NULL	NULL
540084	RM00023	MS Plate 16 x 2500 x 10250 E250 BO	rm	plat	MSE250BO	nos	plate	7850.000	NULL	MS	E250 BO	16.000000	2500.000000	10250.000000	NULL	NULL
540085	RM00024	MS Plate 16 x 2350 x 10500 E250 BO	rm	plat	MSE250BO	nos	plate	7850.000	NULL	MS	E250 BO	16.000000	2350.000000	10500.000000	NULL	NULL
540086	RM00025	MS Plate 16 x 2300 x 10500 E350 BR	rm	plat	MSE350BR	nos	plate	7850.000	NULL	MS	E350 BR	16.000000	2300.000000	10500.000000	NULL	NULL
540087	RM00026	MS Plate 16 x 2500 x 11000 E350 BO	rm	plat	MSE350BO	nos	plate	7850.000	NULL	MS	E350 BO	16.000000	2500.000000	11000.000000	NULL	NULL
540088	RM00027	MS Plate 16 x 2300 x 11000 E350 BR	rm	plat	MSE350BR	nos	plate	7850.000	NULL	MS	E350 BR	16.000000	2300.000000	11000.000000	NULL	NULL
540089	RM00028	MS Plate 16 x 2300 x 12000 E350 BO	rm	plat	MSE350BO	nos	plate	7850.000	NULL	MS	E350 BO	16.000000	2300.000000	12000.000000	NULL	NULL
540090	RM00029	MS Plate 16 x 2000 x 12000 E350 BO	rm	plat	MSE350BO	nos	plate	7850.000	NULL	MS	E350 BO	16.000000	2000.000000	12000.000000	NULL	NULL
540091	RM00030	MS Plate 16 x 2500 x 12000 E250 BO	rm	plat	MSE250BO	nos	plate	7850.000	NULL	MS	E250 BO	16.000000	2500.000000	12000.000000	NULL	NULL
540092	RM00031	MS Plate 16 x 1500 x 12000 E350 BO	rm	plat	MSE350BO	nos	plate	7850.000	NULL	MS	E350 BO	16.000000	1500.000000	12000.000000	NULL	NULL
540093	RM00032	MS Plate 16 x 2500 x 12000 E350 BO	rm	plat	MSE350BO	nos	plate	7850.000	NULL	MS	E350 BO	16.000000	2500.000000	12000.000000	NULL	NULL
540094	RM00033	MS Plate 16 x 2300 x 12000 E350 BR	rm	plat	MSE350BR	nos	plate	7850.000	NULL	MS	E350 BR	16.000000	2300.000000	12000.000000	NULL	NULL
540095	RM00034	MS Plate 16 x 2250 x 12000 E350 BR	rm	plat	MSE350BR	nos	plate	7850.000	NULL	MS	E350 BR	16.000000	2250.000000	12000.000000	NULL	NULL
540096	RM00035	MS Plate 16 x 2300 x 12100 E350 BR	rm	plat	MSE350BR	nos	plate	7850.000	NULL	MS	E350 BR	16.000000	2300.000000	12100.000000	NULL	NULL
540097	RM00036	MS Plate 16 x 2250 x 12100 E350 BR	rm	plat	MSE350BR	nos	plate	7850.000	NULL	MS	E350 BR	16.000000	2250.000000	12100.000000	NULL	NULL
540098	RM00037	MS Plate 16 x 1600 x 12350 E350 BO	rm	plat	MSE350BO	nos	plate	7850.000	NULL	MS	E350 BO	16.000000	1600.000000	12350.000000	NULL	NULL
540099	RM00038	MS Plate 16 x 1650 x 12400 E350 BO	rm	plat	MSE350BO	nos	plate	7850.000	NULL	MS	E350 BO	16.000000	1650.000000	12400.000000	NULL	NULL
540100	RM00039	MS Plate 16 x 2000 x 12500 E350 BO	rm	plat	MSE350BO	nos	plate	7850.000	NULL	MS	E350 BO	16.000000	2000.000000	12500.000000	NULL	NULL
540101	RM00040	MS Plate 18 x 1600 x 8000 E250 BO	rm	plat	MSE250BO	nos	plate	7850.000	NULL	MS	E250 BO	18.000000	1600.000000	8000.000000	NULL	NULL
540102	RM00041	MS Plate 18 x 2000 x 9000 E350 BO	rm	plat	MSE350BO	nos	plate	7850.000	NULL	MS	E350 BO	18.000000	2000.000000	9000.000000	NULL	NULL
540103	RM00042	MS Plate 18 x 1600 x 9000 E250 BO	rm	plat	MSE250BO	nos	plate	7850.000	NULL	MS	E250 BO	18.000000	1600.000000	9000.000000	NULL	NULL
540104	RM00043	MS Plate 18 x 1500 x 9400 E350 BO	rm	plat	MSE350BO	nos	plate	7850.000	NULL	MS	E350 BO	18.000000	1500.000000	9400.000000	NULL	NULL
540105	RM00044	MS Plate 18 x 2000 x 9400 E350 BO	rm	plat	MSE350BO	nos	plate	7850.000	NULL	MS	E350 BO	18.000000	2000.000000	9400.000000	NULL	NULL
540106	RM00045	MS Plate 18 x 2000 x 10000 E350 BO	rm	plat	MSE350BO	nos	plate	7850.000	NULL	MS	E350 BO	18.000000	2000.000000	10000.000000	NULL	NULL
540107	RM00046	MS Plate 18 x 1700 x 10200 E250 BO	rm	plat	MSE250BO	nos	plate	7850.000	NULL	MS	E250 BO	18.000000	1700.000000	10200.000000	NULL	NULL
540108	RM00047	MS Plate 18 x 2000 x 10200 E250 BO	rm	plat	MSE250BO	nos	plate	7850.000	NULL	MS	E250 BO	18.000000	2000.000000	10200.000000	NULL	NULL
540109	RM00048	MS Plate 18 x 2050 x 10250 E250 BO	rm	plat	MSE250BO	nos	plate	7850.000	NULL	MS	E250 BO	18.000000	2050.000000	10250.000000	NULL	NULL
540110	RM00049	MS Plate 18 x 1500 x 11500 E350 BO	rm	plat	MSE350BO	nos	plate	7850.000	NULL	MS	E350 BO	18.000000	1500.000000	11500.000000	NULL	NULL
540111	RM00050	MS Plate 18 x 2000 x 11500 E350 BO	rm	plat	MSE350BO	nos	plate	7850.000	NULL	MS	E350 BO	18.000000	2000.000000	11500.000000	NULL	NULL
540112	RM00051	MS Plate 18 x 2500 x 12000 E250 BO	rm	plat	MSE250BO	nos	plate	7850.000	NULL	MS	E250 BO	18.000000	2500.000000	12000.000000	NULL	NULL
540113	RM00052	MS Plate 18 x 2000 x 12000 E350 BO	rm	plat	MSE350BO	nos	plate	7850.000	NULL	MS	E350 BO	18.000000	2000.000000	12000.000000	NULL	NULL
540114	RM00053	MS Plate 20 x 2500 x 6200 E350 BO	rm	plat	MSE350BO	nos	plate	7850.000	NULL	MS	E350 BO	20.000000	2500.000000	6200.000000	NULL	NULL
540115	RM00054	MS Plate 20 x 2500 x 7000 E250 BO	rm	plat	MSE250BO	nos	plate	7850.000	NULL	MS	E250 BO	20.000000	2500.000000	7000.000000	NULL	NULL
540116	RM00055	MS Plate 20 x 2000 x 7600 E350 BO	rm	plat	MSE350BO	nos	plate	7850.000	NULL	MS	E350 BO	20.000000	2000.000000	7600.000000	NULL	NULL
540117	RM00056	MS Plate 20 x 2000 x 8000 E350 BO	rm	plat	MSE350BO	nos	plate	7850.000	NULL	MS	E350 BO	20.000000	2000.000000	8000.000000	NULL	NULL
540118	RM00057	MS Plate 20 x 2000 x 8000 E350 BR	rm	plat	MSE350BR	nos	plate	7850.000	NULL	MS	E350 BR	20.000000	2000.000000	8000.000000	NULL	NULL
540119	RM00058	MS Plate 20 x 2250 x 8850 E350 BO	rm	plat	MSE350BO	nos	plate	7850.000	NULL	MS	E350 BO	20.000000	2250.000000	8850.000000	NULL	NULL
540120	RM00059	MS Plate 20 x 2500 x 9000 E350 BO	rm	plat	MSE350BO	nos	plate	7850.000	NULL	MS	E350 BO	20.000000	2500.000000	9000.000000	NULL	NULL
540121	RM00060	MS Plate 20 x 2000 x 9050 E350 BO	rm	plat	MSE350BO	nos	plate	7850.000	NULL	MS	E350 BO	20.000000	2000.000000	9050.000000	NULL	NULL
540122	RM00061	MS Plate 20 x 2500 x 10000 E350 BO	rm	plat	MSE350BO	nos	plate	7850.000	NULL	MS	E350 BO	20.000000	2500.000000	10000.000000	NULL	NULL
540123	RM00062	MS Plate 20 x 2000 x 10000 E350 BO	rm	plat	MSE350BO	nos	plate	7850.000	NULL	MS	E350 BO	20.000000	2000.000000	10000.000000	NULL	NULL
540124	RM00063	MS Plate 20 x 2000 x 11000 E350 BO	rm	plat	MSE350BO	nos	plate	7850.000	NULL	MS	E350 BO	20.000000	2000.000000	11000.000000	NULL	NULL
540125	RM00064	MS Plate 20 x 2500 x 11000 E250 BO	rm	plat	MSE250BO	nos	plate	7850.000	NULL	MS	E250 BO	20.000000	2500.000000	11000.000000	NULL	NULL
540126	RM00065	MS Plate 20 x 2250 x 11500 E350 BO	rm	plat	MSE350BO	nos	plate	7850.000	NULL	MS	E350 BO	20.000000	2250.000000	11500.000000	NULL	NULL
540127	RM00066	MS Plate 20 x 2000 x 12000 E350 BO	rm	plat	MSE350BO	nos	plate	7850.000	NULL	MS	E350 BO	20.000000	2000.000000	12000.000000	NULL	NULL
540128	RM00067	MS Plate 20 x 2500 x 12000 E250 BO	rm	plat	MSE250BO	nos	plate	7850.000	NULL	MS	E250 BO	20.000000	2500.000000	12000.000000	NULL	NULL
540129	RM00068	MS Plate 20 x 2300 x 12000 E350 BO	rm	plat	MSE350BO	nos	plate	7850.000	NULL	MS	E350 BO	20.000000	2300.000000	12000.000000	NULL	NULL
540130	RM00069	MS Plate 20 x 2500 x 12000 E350 BO	rm	plat	MSE350BO	nos	plate	7850.000	NULL	MS	E350 BO	20.000000	2500.000000	12000.000000	NULL	NULL
540131	RM00070	MS Plate 20 x 1500 x 12000 E350 BO	rm	plat	MSE350BO	nos	plate	7850.000	NULL	MS	E350 BO	20.000000	1500.000000	12000.000000	NULL	NULL
540132	RM00071	MS Plate 20 x 2000 x 12050 E350 BO	rm	plat	MSE350BO	nos	plate	7850.000	NULL	MS	E350 BO	20.000000	2000.000000	12050.000000	NULL	NULL
540133	RM00072	MS Plate 20 x 2500 x 12500 E250 BO	rm	plat	MSE250BO	nos	plate	7850.000	NULL	MS	E250 BO	20.000000	2500.000000	12500.000000	NULL	NULL
540134	RM00073	MS Plate 22 x 2500 x 8000 E250 BO	rm	plat	MSE250BO	nos	plate	7850.000	NULL	MS	E250 BO	22.000000	2500.000000	8000.000000	NULL	NULL
540135	RM00074	MS Plate 22 x 2300 x 8500 E350 BO	rm	plat	MSE350BO	nos	plate	7850.000	NULL	MS	E350 BO	22.000000	2300.000000	8500.000000	NULL	NULL
540136	RM00075	MS Plate 22 x 2300 x 12100 E350 BO	rm	plat	MSE350BO	nos	plate	7850.000	NULL	MS	E350 BO	22.000000	2300.000000	12100.000000	NULL	NULL
540137	RM00076	MS Plate 25 x 2500 x 2000 E250 BO	rm	plat	MSE250BO	nos	plate	7850.000	NULL	MS	E250 BO	25.000000	2500.000000	2000.000000	NULL	NULL
540138	RM00077	MS Plate 25 x 2000 x 3000 E350 BO	rm	plat	MSE350BO	nos	plate	7850.000	NULL	MS	E350 BO	25.000000	2000.000000	3000.000000	NULL	NULL
540139	RM00078	MS Plate 25 x 2000 x 7000 E250 BO	rm	plat	MSE250BO	nos	plate	7850.000	NULL	MS	E250 BO	25.000000	2000.000000	7000.000000	NULL	NULL
540140	RM00079	MS Plate 25 x 2500 x 8000 E350 BO	rm	plat	MSE350BO	nos	plate	7850.000	NULL	MS	E350 BO	25.000000	2500.000000	8000.000000	NULL	NULL
540141	RM00080	MS Plate 25 x 2500 x 8150 E350 BO	rm	plat	MSE350BO	nos	plate	7850.000	NULL	MS	E350 BO	25.000000	2500.000000	8150.000000	NULL	NULL
540142	RM00081	MS Plate 25 x 1850 x 9000 E350 BO	rm	plat	MSE350BO	nos	plate	7850.000	NULL	MS	E350 BO	25.000000	1850.000000	9000.000000	NULL	NULL
540143	RM00082	MS Plate 25 x 2500 x 10000 E350 BO	rm	plat	MSE350BO	nos	plate	7850.000	NULL	MS	E350 BO	25.000000	2500.000000	10000.000000	NULL	NULL
540144	RM00083	MS Plate 25 x 2200 x 10000 E350 BR	rm	plat	MSE350BR	nos	plate	7850.000	NULL	MS	E350 BR	25.000000	2200.000000	10000.000000	NULL	NULL
540145	RM00084	MS Plate 25 x 2000 x 10500 E350 BR	rm	plat	MSE350BR	nos	plate	7850.000	NULL	MS	E350 BR	25.000000	2000.000000	10500.000000	NULL	NULL
540146	RM00085	MS Plate 25 x 2200 x 10500 E350 BR	rm	plat	MSE350BR	nos	plate	7850.000	NULL	MS	E350 BR	25.000000	2200.000000	10500.000000	NULL	NULL
540147	RM00086	MS Plate 25 x 1850 x 10500 E350 BO	rm	plat	MSE350BO	nos	plate	7850.000	NULL	MS	E350 BO	25.000000	1850.000000	10500.000000	NULL	NULL
540148	RM00087	MS Plate 25 x 2500 x 11500 E350 BO	rm	plat	MSE350BO	nos	plate	7850.000	NULL	MS	E350 BO	25.000000	2500.000000	11500.000000	NULL	NULL
540149	RM00088	MS Plate 25 x 2500 x 12000 E350 BO	rm	plat	MSE350BO	nos	plate	7850.000	NULL	MS	E350 BO	25.000000	2500.000000	12000.000000	NULL	NULL
540150	RM00089	MS Plate 25 x 2000 x 12000 E250 BO	rm	plat	MSE250BO	nos	plate	7850.000	NULL	MS	E250 BO	25.000000	2000.000000	12000.000000	NULL	NULL
540151	RM00090	MS Plate 25 x 1850 x 12000 E350 BO	rm	plat	MSE350BO	nos	plate	7850.000	NULL	MS	E350 BO	25.000000	1850.000000	12000.000000	NULL	NULL
540152	RM00091	MS Plate 25 x 2050 x 12050 E350 BO	rm	plat	MSE350BO	nos	plate	7850.000	NULL	MS	E350 BO	25.000000	2050.000000	12050.000000	NULL	NULL
540153	RM00092	MS Plate 25 x 2300 x 12100 E350 BR	rm	plat	MSE350BR	nos	plate	7850.000	NULL	MS	E350 BR	25.000000	2300.000000	12100.000000	NULL	NULL
540154	RM00093	MS Plate 25 x 2100 x 12100 E350 BR	rm	plat	MSE350BR	nos	plate	7850.000	NULL	MS	E350 BR	25.000000	2100.000000	12100.000000	NULL	NULL
540155	RM00094	MS Plate 25 x 2000 x 12100 E350 BR	rm	plat	MSE350BR	nos	plate	7850.000	NULL	MS	E350 BR	25.000000	2000.000000	12100.000000	NULL	NULL
540156	RM00095	MS Plate 25 x 2500 x 12600 E350 BO	rm	plat	MSE350BO	nos	plate	7850.000	NULL	MS	E350 BO	25.000000	2500.000000	12600.000000	NULL	NULL
540157	RM00096	MS Plate 28 x 1650 x 9500 E250 BO	rm	plat	MSE250BO	nos	plate	7850.000	NULL	MS	E250 BO	28.000000	1650.000000	9500.000000	NULL	NULL
540158	RM00097	MS Plate 28 x 2500 x 10000 E250 BO	rm	plat	MSE250BO	nos	plate	7850.000	NULL	MS	E250 BO	28.000000	2500.000000	10000.000000	NULL	NULL
540159	RM00098	MS Plate 28 x 2500 x 11000 E250 BO	rm	plat	MSE250BO	nos	plate	7850.000	NULL	MS	E250 BO	28.000000	2500.000000	11000.000000	NULL	NULL
540160	RM00099	MS Plate 28 x 2050 x 12000 E350 BO	rm	plat	MSE350BO	nos	plate	7850.000	NULL	MS	E350 BO	28.000000	2050.000000	12000.000000	NULL	NULL
540161	RM00100	MS Plate 30 x 2000 x 9000 E350 BO	rm	plat	MSE350BO	nos	plate	7850.000	NULL	MS	E350 BO	30.000000	2000.000000	9000.000000	NULL	NULL
540162	RM00101	MS Plate 30 x 2250 x 12000 E350 BO	rm	plat	MSE350BO	nos	plate	7850.000	NULL	MS	E350 BO	30.000000	2250.000000	12000.000000	NULL	NULL
540163	RM00102	MS Plate 30 x 2500 x 12000 E350 BO	rm	plat	MSE350BO	nos	plate	7850.000	NULL	MS	E350 BO	30.000000	2500.000000	12000.000000	NULL	NULL
540164	RM00103	MS Plate 32 x 2500 x 3000 E350 BO	rm	plat	MSE350BO	nos	plate	7850.000	NULL	MS	E350 BO	32.000000	2500.000000	3000.000000	NULL	NULL
540165	RM00104	MS Plate 32 x 2000 x 8000 E350 BO	rm	plat	MSE350BO	nos	plate	7850.000	NULL	MS	E350 BO	32.000000	2000.000000	8000.000000	NULL	NULL
540166	RM00105	MS Plate 32 x 1850 x 8000 E350 BO	rm	plat	MSE350BO	nos	plate	7850.000	NULL	MS	E350 BO	32.000000	1850.000000	8000.000000	NULL	NULL
540167	RM00106	MS Plate 32 x 2000 x 9000 E350 BO	rm	plat	MSE350BO	nos	plate	7850.000	NULL	MS	E350 BO	32.000000	2000.000000	9000.000000	NULL	NULL
540168	RM00107	MS Plate 32 x 2000 x 9600 E350 BO	rm	plat	MSE350BO	nos	plate	7850.000	NULL	MS	E350 BO	32.000000	2000.000000	9600.000000	NULL	NULL
540169	RM00108	MS Plate 32 x 1850 x 9600 E350 BO	rm	plat	MSE350BO	nos	plate	7850.000	NULL	MS	E350 BO	32.000000	1850.000000	9600.000000	NULL	NULL
540170	RM00109	MS Plate 32 x 2000 x 10500 E350 BO	rm	plat	MSE350BO	nos	plate	7850.000	NULL	MS	E350 BO	32.000000	2000.000000	10500.000000	NULL	NULL
540171	RM00110	MS Plate 32 x 1850 x 10500 E350 BO	rm	plat	MSE350BO	nos	plate	7850.000	NULL	MS	E350 BO	32.000000	1850.000000	10500.000000	NULL	NULL
540172	RM00111	MS Plate 32 x 2000 x 10800 E350 BO	rm	plat	MSE350BO	nos	plate	7850.000	NULL	MS	E350 BO	32.000000	2000.000000	10800.000000	NULL	NULL
540173	RM00112	MS Plate 32 x 1850 x 10800 E350 BO	rm	plat	MSE350BO	nos	plate	7850.000	NULL	MS	E350 BO	32.000000	1850.000000	10800.000000	NULL	NULL
540174	RM00113	MS Plate 32 x 2000 x 11000 E350 BO	rm	plat	MSE350BO	nos	plate	7850.000	NULL	MS	E350 BO	32.000000	2000.000000	11000.000000	NULL	NULL
540175	RM00114	MS Plate 32 x 1850 x 11000 E350 BO	rm	plat	MSE350BO	nos	plate	7850.000	NULL	MS	E350 BO	32.000000	1850.000000	11000.000000	NULL	NULL
540176	RM00115	MS Plate 32 x 2500 x 12500 E350 BO	rm	plat	MSE350BO	nos	plate	7850.000	NULL	MS	E350 BO	32.000000	2500.000000	12500.000000	NULL	NULL
540177	RM00116	MS Plate 32 x 2150 x 12500 E350 BO	rm	plat	MSE350BO	nos	plate	7850.000	NULL	MS	E350 BO	32.000000	2150.000000	12500.000000	NULL	NULL
540178	RM00117	MS Plate 36 x 2000 x 6000 E350 BO	rm	plat	MSE350BO	nos	plate	7850.000	NULL	MS	E350 BO	36.000000	2000.000000	6000.000000	NULL	NULL
540179	RM00118	MS Plate 36 x 1500 x 8000 E250 BO	rm	plat	MSE250BO	nos	plate	7850.000	NULL	MS	E250 BO	36.000000	1500.000000	8000.000000	NULL	NULL
540180	RM00119	MS Plate 36 x 2600 x 8000 E350 BO	rm	plat	MSE350BO	nos	plate	7850.000	NULL	MS	E350 BO	36.000000	2600.000000	8000.000000	NULL	NULL
540181	RM00120	MS Plate 36 x 2150 x 8700 E250 BO	rm	plat	MSE250BO	nos	plate	7850.000	NULL	MS	E250 BO	36.000000	2150.000000	8700.000000	NULL	NULL
540182	RM00121	MS Plate 36 x 1500 x 8700 E250 BO	rm	plat	MSE250BO	nos	plate	7850.000	NULL	MS	E250 BO	36.000000	1500.000000	8700.000000	NULL	NULL
540183	RM00122	MS Plate 36 x 1500 x 9000 E250 BO	rm	plat	MSE250BO	nos	plate	7850.000	NULL	MS	E250 BO	36.000000	1500.000000	9000.000000	NULL	NULL
540184	RM00123	MS Plate 36 x 2250 x 10000 E250 BO	rm	plat	MSE250BO	nos	plate	7850.000	NULL	MS	E250 BO	36.000000	2250.000000	10000.000000	NULL	NULL
540185	RM00124	MS Plate 36 x 1500 x 10000 E250 BO	rm	plat	MSE250BO	nos	plate	7850.000	NULL	MS	E250 BO	36.000000	1500.000000	10000.000000	NULL	NULL
540186	RM00125	MS Plate 36 x 2000 x 10000 E350 BO	rm	plat	MSE350BO	nos	plate	7850.000	NULL	MS	E350 BO	36.000000	2000.000000	10000.000000	NULL	NULL
540187	RM00126	MS Plate 36 x 2500 x 10000 E350 BO	rm	plat	MSE350BO	nos	plate	7850.000	NULL	MS	E350 BO	36.000000	2500.000000	10000.000000	NULL	NULL
540188	RM00127	MS Plate 36 x 2250 x 10250 E250 BO	rm	plat	MSE250BO	nos	plate	7850.000	NULL	MS	E250 BO	36.000000	2250.000000	10250.000000	NULL	NULL
540189	RM00128	MS Plate 36 x 1500 x 10250 E250 BO	rm	plat	MSE250BO	nos	plate	7850.000	NULL	MS	E250 BO	36.000000	1500.000000	10250.000000	NULL	NULL
540190	RM00129	MS Plate 36 x 1500 x 10300 E250 BO	rm	plat	MSE250BO	nos	plate	7850.000	NULL	MS	E250 BO	36.000000	1500.000000	10300.000000	NULL	NULL
540191	RM00130	MS Plate 36 x 2200 x 10500 E350 BR	rm	plat	MSE350BR	nos	plate	7850.000	NULL	MS	E350 BR	36.000000	2200.000000	10500.000000	NULL	NULL
540192	RM00131	MS Plate 36 x 2500 x 11000 E350 BR	rm	plat	MSE350BR	nos	plate	7850.000	NULL	MS	E350 BR	36.000000	2500.000000	11000.000000	NULL	NULL
540193	RM00132	MS Plate 36 x 2200 x 11000 E350 BR	rm	plat	MSE350BR	nos	plate	7850.000	NULL	MS	E350 BR	36.000000	2200.000000	11000.000000	NULL	NULL
540194	RM00133	MS Plate 36 x 2000 x 12000 E350 BO	rm	plat	MSE350BO	nos	plate	7850.000	NULL	MS	E350 BO	36.000000	2000.000000	12000.000000	NULL	NULL
540195	RM00134	MS Plate 36 x 2500 x 12000 E350 BO	rm	plat	MSE350BO	nos	plate	7850.000	NULL	MS	E350 BO	36.000000	2500.000000	12000.000000	NULL	NULL
540196	RM00135	MS Plate 36 x 2150 x 12000 E250 BO	rm	plat	MSE250BO	nos	plate	7850.000	NULL	MS	E250 BO	36.000000	2150.000000	12000.000000	NULL	NULL
540197	RM00136	MS Plate 36 x 2000 x 12100 E350 BR	rm	plat	MSE350BR	nos	plate	7850.000	NULL	MS	E350 BR	36.000000	2000.000000	12100.000000	NULL	NULL
540198	RM00137	MS Plate 36 x 2200 x 12100 E350 BR	rm	plat	MSE350BR	nos	plate	7850.000	NULL	MS	E350 BR	36.000000	2200.000000	12100.000000	NULL	NULL
540199	RM00138	MS Plate 36 x 2050 x 12350 E350 BO	rm	plat	MSE350BO	nos	plate	7850.000	NULL	MS	E350 BO	36.000000	2050.000000	12350.000000	NULL	NULL
540200	RM00139	MS Plate 36 x 2150 x 12400 E350 BO	rm	plat	MSE350BO	nos	plate	7850.000	NULL	MS	E350 BO	36.000000	2150.000000	12400.000000	NULL	NULL
540201	RM00140	MS Plate 36 x 2500 x 12400 E350 BO	rm	plat	MSE350BO	nos	plate	7850.000	NULL	MS	E350 BO	36.000000	2500.000000	12400.000000	NULL	NULL
540202	RM00141	MS Plate 40 x 2550 x 7550 E350 BO	rm	plat	MSE350BO	nos	plate	7850.000	NULL	MS	E350 BO	40.000000	2550.000000	7550.000000	NULL	NULL
540203	RM00142	MS Plate 40 x 2050 x 7550 E350 BO	rm	plat	MSE350BO	nos	plate	7850.000	NULL	MS	E350 BO	40.000000	2050.000000	7550.000000	NULL	NULL
540204	RM00143	MS Plate 40 x 2550 x 9050 E350 BO	rm	plat	MSE350BO	nos	plate	7850.000	NULL	MS	E350 BO	40.000000	2550.000000	9050.000000	NULL	NULL
540205	RM00144	MS Plate 40 x 2050 x 9050 E350 BO	rm	plat	MSE350BO	nos	plate	7850.000	NULL	MS	E350 BO	40.000000	2050.000000	9050.000000	NULL	NULL
540206	RM00145	MS Plate 40 x 2200 x 10000 E350 BR	rm	plat	MSE350BR	nos	plate	7850.000	NULL	MS	E350 BR	40.000000	2200.000000	10000.000000	NULL	NULL
540207	RM00146	MS Plate 40 x 2500 x 10500 E350 BO	rm	plat	MSE350BO	nos	plate	7850.000	NULL	MS	E350 BO	40.000000	2500.000000	10500.000000	NULL	NULL
540208	RM00147	MS Plate 40 x 2000 x 12000 E350 BO	rm	plat	MSE350BO	nos	plate	7850.000	NULL	MS	E350 BO	40.000000	2000.000000	12000.000000	NULL	NULL
540209	RM00148	MS Plate 40 x 3000 x 12000 E250 BO	rm	plat	MSE250BO	nos	plate	7850.000	NULL	MS	E250 BO	40.000000	3000.000000	12000.000000	NULL	NULL
540210	RM00149	MS Plate 40 x 2300 x 12000 E350 BR	rm	plat	MSE350BR	nos	plate	7850.000	NULL	MS	E350 BR	40.000000	2300.000000	12000.000000	NULL	NULL
540211	RM00150	MS Plate 40 x 2200 x 12000 E350 BR	rm	plat	MSE350BR	nos	plate	7850.000	NULL	MS	E350 BR	40.000000	2200.000000	12000.000000	NULL	NULL
540212	RM00151	MS Plate 40 x 2050 x 12050 E350 BO	rm	plat	MSE350BO	nos	plate	7850.000	NULL	MS	E350 BO	40.000000	2050.000000	12050.000000	NULL	NULL
540213	RM00152	MS Plate 40 x 2300 x 12100 E350 BO	rm	plat	MSE350BO	nos	plate	7850.000	NULL	MS	E350 BO	40.000000	2300.000000	12100.000000	NULL	NULL
540214	RM00153	MS Plate 45 x 2450 x 7550 E350 BO	rm	plat	MSE350BO	nos	plate	7850.000	NULL	MS	E350 BO	45.000000	2450.000000	7550.000000	NULL	NULL
540215	RM00154	MS Plate 45 x 2600 x 7750 E350 BO	rm	plat	MSE350BO	nos	plate	7850.000	NULL	MS	E350 BO	45.000000	2600.000000	7750.000000	NULL	NULL
540216	RM00155	MS Plate 45 x 2300 x 8050 E350 BO	rm	plat	MSE350BO	nos	plate	7850.000	NULL	MS	E350 BO	45.000000	2300.000000	8050.000000	NULL	NULL
540217	RM00156	MS Plate 45 x 1750 x 8500 E350 BO	rm	plat	MSE350BO	nos	plate	7850.000	NULL	MS	E350 BO	45.000000	1750.000000	8500.000000	NULL	NULL
540218	RM00157	MS Plate 45 x 2300 x 8850 E350 BO	rm	plat	MSE350BO	nos	plate	7850.000	NULL	MS	E350 BO	45.000000	2300.000000	8850.000000	NULL	NULL
540219	RM00158	MS Plate 45 x 2450 x 9050 E350 BO	rm	plat	MSE350BO	nos	plate	7850.000	NULL	MS	E350 BO	45.000000	2450.000000	9050.000000	NULL	NULL
540220	RM00159	MS Plate 45 x 2600 x 9400 E350 BO	rm	plat	MSE350BO	nos	plate	7850.000	NULL	MS	E350 BO	45.000000	2600.000000	9400.000000	NULL	NULL
540221	RM00160	MS Plate 45 x 2300 x 12050 E350 BO	rm	plat	MSE350BO	nos	plate	7850.000	NULL	MS	E350 BO	45.000000	2300.000000	12050.000000	NULL	NULL
540222	RM00161	MS Plate 45 x 2000 x 12050 E350 BO	rm	plat	MSE350BO	nos	plate	7850.000	NULL	MS	E350 BO	45.000000	2000.000000	12050.000000	NULL	NULL
540223	RM00162	MS Plate 45 x 2450 x 12050 E350 BO	rm	plat	MSE350BO	nos	plate	7850.000	NULL	MS	E350 BO	45.000000	2450.000000	12050.000000	NULL	NULL
540224	RM00163	MS Plate 45 x 2600 x 12100 E350 BO	rm	plat	MSE350BO	nos	plate	7850.000	NULL	MS	E350 BO	45.000000	2600.000000	12100.000000	NULL	NULL
540225	RM00164	MS Plate 45 x 2600 x 12350 E350 BO	rm	plat	MSE350BO	nos	plate	7850.000	NULL	MS	E350 BO	45.000000	2600.000000	12350.000000	NULL	NULL
540226	RM00165	MS Plate 45 x 2600 x 12400 E350 BO	rm	plat	MSE350BO	nos	plate	7850.000	NULL	MS	E350 BO	45.000000	2600.000000	12400.000000	NULL	NULL
540227	RM00166	MS Plate 50 x 2000 x 7950 E250 BO	rm	plat	MSE250BO	nos	plate	7850.000	NULL	MS	E250 BO	50.000000	2000.000000	7950.000000	NULL	NULL
540228	RM00167	MS Plate 50 x 2750 x 8150 E350 BO	rm	plat	MSE350BO	nos	plate	7850.000	NULL	MS	E350 BO	50.000000	2750.000000	8150.000000	NULL	NULL
540229	RM00168	MS Plate 50 x 2000 x 11800 E250 BO	rm	plat	MSE250BO	nos	plate	7850.000	NULL	MS	E250 BO	50.000000	2000.000000	11800.000000	NULL	NULL
540230	RM00169	MS Plate 50 x 2750 x 12000 E350 BO	rm	plat	MSE350BO	nos	plate	7850.000	NULL	MS	E350 BO	50.000000	2750.000000	12000.000000	NULL	NULL
540231	RM00170	MS Plate 56 x 2000 x 10000 E250 BO	rm	plat	MSE250BO	nos	plate	7850.000	NULL	MS	E250 BO	56.000000	2000.000000	10000.000000	NULL	NULL
540232	RM00171	MS Plate 56 x 2000 x 12000 E250 BO	rm	plat	MSE250BO	nos	plate	7850.000	NULL	MS	E250 BO	56.000000	2000.000000	12000.000000	NULL	NULL
540233	RM00172	MS Plate 75 x 2000 x 10500 E350 BR	rm	plat	MSE350BR	nos	plate	7850.000	NULL	MS	E350 BR	75.000000	2000.000000	10500.000000	NULL	NULL
540234	RM00173	MS Plate 75 x 2100 x 12100 E350 BR	rm	plat	MSE350BR	nos	plate	7850.000	NULL	MS	E350 BR	75.000000	2100.000000	12100.000000	NULL	NULL
540235	RM00174	MS Plate 75 x 2000 x 12100 E350 BR	rm	plat	MSE350BR	nos	plate	7850.000	NULL	MS	E350 BR	75.000000	2000.000000	12100.000000	NULL	NULL
570638	RM00175	ISA 100 x 100 x 12 x 6000 E350 BO	rm	angl	MSE350BO	nos	section	7850.000	2256.000	MS	E350 BO	12.000000	100.000000	6000.000000	100.000000	2256.000000
570806	RM00176	ISA 130 x 130 x 12 x 6000 E350 BO	rm	angl	MSE350BO	nos	section	7850.000	2976.000	MS	E350 BO	12.000000	130.000000	6000.000000	130.000000	2976.000000
571022	RM00177	ISA 200 x 200 x 12 x 6000 E350 BO	rm	angl	MSE350BO	nos	section	7850.000	4656.000	MS	E350 BO	12.000000	200.000000	6000.000000	200.000000	4656.000000
570807	RM00178	ISA 130 x 130 x 10 x 6000 E350 BO	rm	angl	MSE350BO	nos	section	7850.000	2500.000	MS	E350 BO	10.000000	130.000000	6000.000000	130.000000	2500.000000
570808	RM00179	ISA 130 x 130 x 15 x 6000 E350 BO	rm	angl	MSE350BO	nos	section	7850.000	3675.000	MS	E350 BO	15.000000	130.000000	6000.000000	130.000000	3675.000000
571023	RM00180	ISA 200 x 200 x 25 x 6000 E350 BO	rm	angl	MSE350BO	nos	section	7850.000	9375.000	MS	E350 BO	25.000000	200.000000	6000.000000	200.000000	9375.000000
570878	RM00181	ISA 150 x 150 x 12 x 6000 E350 BO	rm	angl	MSE350BO	nos	section	7850.000	3456.000	MS	E350 BO	12.000000	150.000000	6000.000000	150.000000	3456.000000
570422	RM00182	ISA 75 x 75 x 10 x 6000 E350 BO	rm	angl	MSE350BO	nos	section	7850.000	1400.000	MS	E350 BO	10.000000	75.000000	6000.000000	75.000000	1400.000000
570639	RM00183	ISA 100 x 100 x 10 x 6000 E350 BO	rm	angl	MSE350BO	nos	section	7850.000	1900.000	MS	E350 BO	10.000000	100.000000	6000.000000	100.000000	1900.000000
570879	RM00184	ISA 150 x 150 x 10 x 6000 E350 BO	rm	angl	MSE350BO	nos	section	7850.000	2900.000	MS	E350 BO	10.000000	150.000000	6000.000000	150.000000	2900.000000
570880	RM00185	ISA 150 x 150 x 15 x 6000 E350 BO	rm	angl	MSE350BO	nos	section	7850.000	4275.000	MS	E350 BO	15.000000	150.000000	6000.000000	150.000000	4275.000000
570881	RM00186	ISA 150 x 150 x 16 x 6000 E350 BO	rm	angl	MSE350BO	nos	section	7850.000	4544.000	MS	E350 BO	16.000000	150.000000	6000.000000	150.000000	4544.000000
570423	RM00187	ISA 75 x 75 x 8 x 6000 E350 BO	rm	angl	MSE350BO	nos	section	7850.000	1136.000	MS	E350 BO	8.000000	75.000000	6000.000000	75.000000	1136.000000
570640	RM00188	ISA 100 x 65 x 8 x 6000 E350 BO	rm	angl	MSE350BO	nos	section	7850.000	1256.000	MS	E350 BO	8.000000	65.000000	6000.000000	100.000000	1256.000000
570641	RM00189	ISA 100 x 75 x 8 x 6000 E350 BO	rm	angl	MSE350BO	nos	section	7850.000	1336.000	MS	E350 BO	8.000000	75.000000	6000.000000	100.000000	1336.000000
570734	RM00190	ISA 110 x 110 x 10 x 6000 E350 BO	rm	angl	MSE350BO	nos	section	7850.000	2100.000	MS	E350 BO	10.000000	110.000000	6000.000000	110.000000	2100.000000
570758	RM00191	ISA 125 x 75 x 8 x 6000 E350 BO	rm	angl	MSE350BO	nos	section	7850.000	1536.000	MS	E350 BO	8.000000	75.000000	6000.000000	125.000000	1536.000000
570759	RM00192	ISA 125 x 95 x 10 x 6000 E350 BO	rm	angl	MSE350BO	nos	section	7850.000	2100.000	MS	E350 BO	10.000000	95.000000	6000.000000	125.000000	2100.000000
570882	RM00193	ISA 150 x 115 x 10 x 6000 E350 BO	rm	angl	MSE350BO	nos	section	7850.000	2550.000	MS	E350 BO	10.000000	115.000000	6000.000000	150.000000	2550.000000
570883	RM00194	ISA 150 x 75 x 10 x 6000 E350 BO	rm	angl	MSE350BO	nos	section	7850.000	2150.000	MS	E350 BO	10.000000	75.000000	6000.000000	150.000000	2150.000000
570062	RM00195	ISA 20 x 20 x 3 x 6000 E350 BO	rm	angl	MSE350BO	nos	section	7850.000	111.000	MS	E350 BO	3.000000	20.000000	6000.000000	20.000000	111.000000
571024	RM00196	ISA 200 x 100 x 10 x 6000 E350 BO	rm	angl	MSE350BO	nos	section	7850.000	2900.000	MS	E350 BO	10.000000	100.000000	6000.000000	200.000000	2900.000000
571025	RM00197	ISA 200 x 150 x 12 x 6000 E350 BO	rm	angl	MSE350BO	nos	section	7850.000	4056.000	MS	E350 BO	12.000000	150.000000	6000.000000	200.000000	4056.000000
571026	RM00198	ISA 200 x 200 x 15 x 6000 E350 BO	rm	angl	MSE350BO	nos	section	7850.000	5775.000	MS	E350 BO	15.000000	200.000000	6000.000000	200.000000	5775.000000
571027	RM00199	ISA 200 x 200 x 18 x 6000 E350 BO	rm	angl	MSE350BO	nos	section	7850.000	6876.000	MS	E350 BO	18.000000	200.000000	6000.000000	200.000000	6876.000000
570086	RM00200	ISA 25 x 25 x 3 x 6000 E350 BO	rm	angl	MSE350BO	nos	section	7850.000	141.000	MS	E350 BO	3.000000	25.000000	6000.000000	25.000000	141.000000
570110	RM00201	ISA 30 x 20 x 3 x 6000 E350 BO	rm	angl	MSE350BO	nos	section	7850.000	141.000	MS	E350 BO	3.000000	20.000000	6000.000000	30.000000	141.000000
570111	RM00202	ISA 30 x 30 x 3 x 6000 E350 BO	rm	angl	MSE350BO	nos	section	7850.000	171.000	MS	E350 BO	3.000000	30.000000	6000.000000	30.000000	171.000000
570158	RM00203	ISA 35 x 35 x 5 x 6000 E350 BO	rm	angl	MSE350BO	nos	section	7850.000	325.000	MS	E350 BO	5.000000	35.000000	6000.000000	35.000000	325.000000
570182	RM00204	ISA 40 x 25 x 4 x 6000 E350 BO	rm	angl	MSE350BO	nos	section	7850.000	244.000	MS	E350 BO	4.000000	25.000000	6000.000000	40.000000	244.000000
570183	RM00205	ISA 40 x 40 x 5 x 6000 E350 BO	rm	angl	MSE350BO	nos	section	7850.000	375.000	MS	E350 BO	5.000000	40.000000	6000.000000	40.000000	375.000000
570230	RM00206	ISA 45 x 30 x 4 x 6000 E350 BO	rm	angl	MSE350BO	nos	section	7850.000	284.000	MS	E350 BO	4.000000	30.000000	6000.000000	45.000000	284.000000
570254	RM00207	ISA 50 x 30 x 5 x 6000 E350 BO	rm	angl	MSE350BO	nos	section	7850.000	375.000	MS	E350 BO	5.000000	30.000000	6000.000000	50.000000	375.000000
570255	RM00208	ISA 50 x 50 x 6 x 6000 E350 BO	rm	angl	MSE350BO	nos	section	7850.000	564.000	MS	E350 BO	6.000000	50.000000	6000.000000	50.000000	564.000000
570302	RM00209	ISA 60 x 40 x 5 x 6000 E350 BO	rm	angl	MSE350BO	nos	section	7850.000	475.000	MS	E350 BO	5.000000	40.000000	6000.000000	60.000000	475.000000
570303	RM00210	ISA 60 x 60 x 6 x 6000 E350 BO	rm	angl	MSE350BO	nos	section	7850.000	684.000	MS	E350 BO	6.000000	60.000000	6000.000000	60.000000	684.000000
570350	RM00211	ISA 65 x 45 x 5 x 6000 E350 BO	rm	angl	MSE350BO	nos	section	7850.000	525.000	MS	E350 BO	5.000000	45.000000	6000.000000	65.000000	525.000000
570351	RM00212	ISA 65 x 65 x 6 x 6000 E350 BO	rm	angl	MSE350BO	nos	section	7850.000	744.000	MS	E350 BO	6.000000	65.000000	6000.000000	65.000000	744.000000
570398	RM00213	ISA 70 x 45 x 6 x 6000 E350 BO	rm	angl	MSE350BO	nos	section	7850.000	654.000	MS	E350 BO	6.000000	45.000000	6000.000000	70.000000	654.000000
570424	RM00214	ISA 75 x 50 x 6 x 6000 E350 BO	rm	angl	MSE350BO	nos	section	7850.000	714.000	MS	E350 BO	6.000000	50.000000	6000.000000	75.000000	714.000000
570425	RM00215	ISA 75 x 75 x 6 x 6000 E350 BO	rm	angl	MSE350BO	nos	section	7850.000	864.000	MS	E350 BO	6.000000	75.000000	6000.000000	75.000000	864.000000
570518	RM00216	ISA 80 x 50 x 6 x 6000 E350 BO	rm	angl	MSE350BO	nos	section	7850.000	744.000	MS	E350 BO	6.000000	50.000000	6000.000000	80.000000	744.000000
570519	RM00217	ISA 80 x 80 x 8 x 6000 E350 BO	rm	angl	MSE350BO	nos	section	7850.000	1216.000	MS	E350 BO	8.000000	80.000000	6000.000000	80.000000	1216.000000
570566	RM00218	ISA 90 x 60 x 6 x 6000 E350 BO	rm	angl	MSE350BO	nos	section	7850.000	864.000	MS	E350 BO	6.000000	60.000000	6000.000000	90.000000	864.000000
570567	RM00219	ISA 90 x 60 x 8 x 6000 E350 BO	rm	angl	MSE350BO	nos	section	7850.000	1136.000	MS	E350 BO	8.000000	60.000000	6000.000000	90.000000	1136.000000
570568	RM00220	ISA 90 x 90 x 8 x 6000 E350 BO	rm	angl	MSE350BO	nos	section	7850.000	1376.000	MS	E350 BO	8.000000	90.000000	6000.000000	90.000000	1376.000000
570642	RM00221	ISA 100 x 100 x 12 x 9000 E350 BO	rm	angl	MSE350BO	nos	section	7850.000	2256.000	MS	E350 BO	12.000000	100.000000	9000.000000	100.000000	2256.000000
570809	RM00222	ISA 130 x 130 x 12 x 9000 E350 BO	rm	angl	MSE350BO	nos	section	7850.000	2976.000	MS	E350 BO	12.000000	130.000000	9000.000000	130.000000	2976.000000
571028	RM00223	ISA 200 x 200 x 12 x 9000 E350 BO	rm	angl	MSE350BO	nos	section	7850.000	4656.000	MS	E350 BO	12.000000	200.000000	9000.000000	200.000000	4656.000000
570810	RM00224	ISA 130 x 130 x 10 x 9000 E350 BO	rm	angl	MSE350BO	nos	section	7850.000	2500.000	MS	E350 BO	10.000000	130.000000	9000.000000	130.000000	2500.000000
570811	RM00225	ISA 130 x 130 x 15 x 9000 E350 BO	rm	angl	MSE350BO	nos	section	7850.000	3675.000	MS	E350 BO	15.000000	130.000000	9000.000000	130.000000	3675.000000
571029	RM00226	ISA 200 x 200 x 25 x 9000 E350 BO	rm	angl	MSE350BO	nos	section	7850.000	9375.000	MS	E350 BO	25.000000	200.000000	9000.000000	200.000000	9375.000000
570884	RM00227	ISA 150 x 150 x 12 x 9000 E350 BO	rm	angl	MSE350BO	nos	section	7850.000	3456.000	MS	E350 BO	12.000000	150.000000	9000.000000	150.000000	3456.000000
570426	RM00228	ISA 75 x 75 x 10 x 9000 E350 BO	rm	angl	MSE350BO	nos	section	7850.000	1400.000	MS	E350 BO	10.000000	75.000000	9000.000000	75.000000	1400.000000
570643	RM00229	ISA 100 x 100 x 10 x 9000 E350 BO	rm	angl	MSE350BO	nos	section	7850.000	1900.000	MS	E350 BO	10.000000	100.000000	9000.000000	100.000000	1900.000000
570885	RM00230	ISA 150 x 150 x 10 x 9000 E350 BO	rm	angl	MSE350BO	nos	section	7850.000	2900.000	MS	E350 BO	10.000000	150.000000	9000.000000	150.000000	2900.000000
570886	RM00231	ISA 150 x 150 x 15 x 9000 E350 BO	rm	angl	MSE350BO	nos	section	7850.000	4275.000	MS	E350 BO	15.000000	150.000000	9000.000000	150.000000	4275.000000
570887	RM00232	ISA 150 x 150 x 16 x 9000 E350 BO	rm	angl	MSE350BO	nos	section	7850.000	4544.000	MS	E350 BO	16.000000	150.000000	9000.000000	150.000000	4544.000000
570427	RM00233	ISA 75 x 75 x 8 x 9000 E350 BO	rm	angl	MSE350BO	nos	section	7850.000	1136.000	MS	E350 BO	8.000000	75.000000	9000.000000	75.000000	1136.000000
570644	RM00234	ISA 100 x 65 x 8 x 9000 E350 BO	rm	angl	MSE350BO	nos	section	7850.000	1256.000	MS	E350 BO	8.000000	65.000000	9000.000000	100.000000	1256.000000
570645	RM00235	ISA 100 x 75 x 8 x 9000 E350 BO	rm	angl	MSE350BO	nos	section	7850.000	1336.000	MS	E350 BO	8.000000	75.000000	9000.000000	100.000000	1336.000000
570735	RM00236	ISA 110 x 110 x 10 x 9000 E350 BO	rm	angl	MSE350BO	nos	section	7850.000	2100.000	MS	E350 BO	10.000000	110.000000	9000.000000	110.000000	2100.000000
570760	RM00237	ISA 125 x 75 x 8 x 9000 E350 BO	rm	angl	MSE350BO	nos	section	7850.000	1536.000	MS	E350 BO	8.000000	75.000000	9000.000000	125.000000	1536.000000
570761	RM00238	ISA 125 x 95 x 10 x 9000 E350 BO	rm	angl	MSE350BO	nos	section	7850.000	2100.000	MS	E350 BO	10.000000	95.000000	9000.000000	125.000000	2100.000000
570888	RM00239	ISA 150 x 115 x 10 x 9000 E350 BO	rm	angl	MSE350BO	nos	section	7850.000	2550.000	MS	E350 BO	10.000000	115.000000	9000.000000	150.000000	2550.000000
570889	RM00240	ISA 150 x 75 x 10 x 9000 E350 BO	rm	angl	MSE350BO	nos	section	7850.000	2150.000	MS	E350 BO	10.000000	75.000000	9000.000000	150.000000	2150.000000
570063	RM00241	ISA 20 x 20 x 3 x 9000 E350 BO	rm	angl	MSE350BO	nos	section	7850.000	111.000	MS	E350 BO	3.000000	20.000000	9000.000000	20.000000	111.000000
571030	RM00242	ISA 200 x 100 x 10 x 9000 E350 BO	rm	angl	MSE350BO	nos	section	7850.000	2900.000	MS	E350 BO	10.000000	100.000000	9000.000000	200.000000	2900.000000
571031	RM00243	ISA 200 x 150 x 12 x 9000 E350 BO	rm	angl	MSE350BO	nos	section	7850.000	4056.000	MS	E350 BO	12.000000	150.000000	9000.000000	200.000000	4056.000000
571032	RM00244	ISA 200 x 200 x 15 x 9000 E350 BO	rm	angl	MSE350BO	nos	section	7850.000	5775.000	MS	E350 BO	15.000000	200.000000	9000.000000	200.000000	5775.000000
571033	RM00245	ISA 200 x 200 x 18 x 9000 E350 BO	rm	angl	MSE350BO	nos	section	7850.000	6876.000	MS	E350 BO	18.000000	200.000000	9000.000000	200.000000	6876.000000
570087	RM00246	ISA 25 x 25 x 3 x 9000 E350 BO	rm	angl	MSE350BO	nos	section	7850.000	141.000	MS	E350 BO	3.000000	25.000000	9000.000000	25.000000	141.000000
570112	RM00247	ISA 30 x 20 x 3 x 9000 E350 BO	rm	angl	MSE350BO	nos	section	7850.000	141.000	MS	E350 BO	3.000000	20.000000	9000.000000	30.000000	141.000000
570113	RM00248	ISA 30 x 30 x 3 x 9000 E350 BO	rm	angl	MSE350BO	nos	section	7850.000	171.000	MS	E350 BO	3.000000	30.000000	9000.000000	30.000000	171.000000
570159	RM00249	ISA 35 x 35 x 5 x 9000 E350 BO	rm	angl	MSE350BO	nos	section	7850.000	325.000	MS	E350 BO	5.000000	35.000000	9000.000000	35.000000	325.000000
570184	RM00250	ISA 40 x 25 x 4 x 9000 E350 BO	rm	angl	MSE350BO	nos	section	7850.000	244.000	MS	E350 BO	4.000000	25.000000	9000.000000	40.000000	244.000000
570185	RM00251	ISA 40 x 40 x 5 x 9000 E350 BO	rm	angl	MSE350BO	nos	section	7850.000	375.000	MS	E350 BO	5.000000	40.000000	9000.000000	40.000000	375.000000
570231	RM00252	ISA 45 x 30 x 4 x 9000 E350 BO	rm	angl	MSE350BO	nos	section	7850.000	284.000	MS	E350 BO	4.000000	30.000000	9000.000000	45.000000	284.000000
570256	RM00253	ISA 50 x 30 x 5 x 9000 E350 BO	rm	angl	MSE350BO	nos	section	7850.000	375.000	MS	E350 BO	5.000000	30.000000	9000.000000	50.000000	375.000000
570257	RM00254	ISA 50 x 50 x 6 x 9000 E350 BO	rm	angl	MSE350BO	nos	section	7850.000	564.000	MS	E350 BO	6.000000	50.000000	9000.000000	50.000000	564.000000
570304	RM00255	ISA 60 x 40 x 5 x 9000 E350 BO	rm	angl	MSE350BO	nos	section	7850.000	475.000	MS	E350 BO	5.000000	40.000000	9000.000000	60.000000	475.000000
570305	RM00256	ISA 60 x 60 x 6 x 9000 E350 BO	rm	angl	MSE350BO	nos	section	7850.000	684.000	MS	E350 BO	6.000000	60.000000	9000.000000	60.000000	684.000000
570352	RM00257	ISA 65 x 45 x 5 x 9000 E350 BO	rm	angl	MSE350BO	nos	section	7850.000	525.000	MS	E350 BO	5.000000	45.000000	9000.000000	65.000000	525.000000
570353	RM00258	ISA 65 x 65 x 6 x 9000 E350 BO	rm	angl	MSE350BO	nos	section	7850.000	744.000	MS	E350 BO	6.000000	65.000000	9000.000000	65.000000	744.000000
570399	RM00259	ISA 70 x 45 x 6 x 9000 E350 BO	rm	angl	MSE350BO	nos	section	7850.000	654.000	MS	E350 BO	6.000000	45.000000	9000.000000	70.000000	654.000000
570428	RM00260	ISA 75 x 50 x 6 x 9000 E350 BO	rm	angl	MSE350BO	nos	section	7850.000	714.000	MS	E350 BO	6.000000	50.000000	9000.000000	75.000000	714.000000
570429	RM00261	ISA 75 x 75 x 6 x 9000 E350 BO	rm	angl	MSE350BO	nos	section	7850.000	864.000	MS	E350 BO	6.000000	75.000000	9000.000000	75.000000	864.000000
570520	RM00262	ISA 80 x 50 x 6 x 9000 E350 BO	rm	angl	MSE350BO	nos	section	7850.000	744.000	MS	E350 BO	6.000000	50.000000	9000.000000	80.000000	744.000000
570521	RM00263	ISA 80 x 80 x 8 x 9000 E350 BO	rm	angl	MSE350BO	nos	section	7850.000	1216.000	MS	E350 BO	8.000000	80.000000	9000.000000	80.000000	1216.000000
570569	RM00264	ISA 90 x 60 x 6 x 9000 E350 BO	rm	angl	MSE350BO	nos	section	7850.000	864.000	MS	E350 BO	6.000000	60.000000	9000.000000	90.000000	864.000000
570570	RM00265	ISA 90 x 60 x 8 x 9000 E350 BO	rm	angl	MSE350BO	nos	section	7850.000	1136.000	MS	E350 BO	8.000000	60.000000	9000.000000	90.000000	1136.000000
570571	RM00266	ISA 90 x 90 x 8 x 9000 E350 BO	rm	angl	MSE350BO	nos	section	7850.000	1376.000	MS	E350 BO	8.000000	90.000000	9000.000000	90.000000	1376.000000
570646	RM00267	ISA 100 x 100 x 12 x 10000 E350 BO	rm	angl	MSE350BO	nos	section	7850.000	2256.000	MS	E350 BO	12.000000	100.000000	10000.000000	100.000000	2256.000000
570812	RM00268	ISA 130 x 130 x 12 x 10000 E350 BO	rm	angl	MSE350BO	nos	section	7850.000	2976.000	MS	E350 BO	12.000000	130.000000	10000.000000	130.000000	2976.000000
571034	RM00269	ISA 200 x 200 x 12 x 10000 E350 BO	rm	angl	MSE350BO	nos	section	7850.000	4656.000	MS	E350 BO	12.000000	200.000000	10000.000000	200.000000	4656.000000
570813	RM00270	ISA 130 x 130 x 10 x 10000 E350 BO	rm	angl	MSE350BO	nos	section	7850.000	2500.000	MS	E350 BO	10.000000	130.000000	10000.000000	130.000000	2500.000000
570814	RM00271	ISA 130 x 130 x 15 x 10000 E350 BO	rm	angl	MSE350BO	nos	section	7850.000	3675.000	MS	E350 BO	15.000000	130.000000	10000.000000	130.000000	3675.000000
571035	RM00272	ISA 200 x 200 x 25 x 10000 E350 BO	rm	angl	MSE350BO	nos	section	7850.000	9375.000	MS	E350 BO	25.000000	200.000000	10000.000000	200.000000	9375.000000
570890	RM00273	ISA 150 x 150 x 12 x 10000 E350 BO	rm	angl	MSE350BO	nos	section	7850.000	3456.000	MS	E350 BO	12.000000	150.000000	10000.000000	150.000000	3456.000000
570430	RM00274	ISA 75 x 75 x 10 x 10000 E350 BO	rm	angl	MSE350BO	nos	section	7850.000	1400.000	MS	E350 BO	10.000000	75.000000	10000.000000	75.000000	1400.000000
570647	RM00275	ISA 100 x 100 x 10 x 10000 E350 BO	rm	angl	MSE350BO	nos	section	7850.000	1900.000	MS	E350 BO	10.000000	100.000000	10000.000000	100.000000	1900.000000
570891	RM00276	ISA 150 x 150 x 10 x 10000 E350 BO	rm	angl	MSE350BO	nos	section	7850.000	2900.000	MS	E350 BO	10.000000	150.000000	10000.000000	150.000000	2900.000000
570892	RM00277	ISA 150 x 150 x 15 x 10000 E350 BO	rm	angl	MSE350BO	nos	section	7850.000	4275.000	MS	E350 BO	15.000000	150.000000	10000.000000	150.000000	4275.000000
570893	RM00278	ISA 150 x 150 x 16 x 10000 E350 BO	rm	angl	MSE350BO	nos	section	7850.000	4544.000	MS	E350 BO	16.000000	150.000000	10000.000000	150.000000	4544.000000
570431	RM00279	ISA 75 x 75 x 8 x 10000 E350 BO	rm	angl	MSE350BO	nos	section	7850.000	1136.000	MS	E350 BO	8.000000	75.000000	10000.000000	75.000000	1136.000000
570648	RM00280	ISA 100 x 65 x 8 x 10000 E350 BO	rm	angl	MSE350BO	nos	section	7850.000	1256.000	MS	E350 BO	8.000000	65.000000	10000.000000	100.000000	1256.000000
570649	RM00281	ISA 100 x 75 x 8 x 10000 E350 BO	rm	angl	MSE350BO	nos	section	7850.000	1336.000	MS	E350 BO	8.000000	75.000000	10000.000000	100.000000	1336.000000
570736	RM00282	ISA 110 x 110 x 10 x 10000 E350 BO	rm	angl	MSE350BO	nos	section	7850.000	2100.000	MS	E350 BO	10.000000	110.000000	10000.000000	110.000000	2100.000000
570762	RM00283	ISA 125 x 75 x 8 x 10000 E350 BO	rm	angl	MSE350BO	nos	section	7850.000	1536.000	MS	E350 BO	8.000000	75.000000	10000.000000	125.000000	1536.000000
570763	RM00284	ISA 125 x 95 x 10 x 10000 E350 BO	rm	angl	MSE350BO	nos	section	7850.000	2100.000	MS	E350 BO	10.000000	95.000000	10000.000000	125.000000	2100.000000
570894	RM00285	ISA 150 x 115 x 10 x 10000 E350 BO	rm	angl	MSE350BO	nos	section	7850.000	2550.000	MS	E350 BO	10.000000	115.000000	10000.000000	150.000000	2550.000000
570895	RM00286	ISA 150 x 75 x 10 x 10000 E350 BO	rm	angl	MSE350BO	nos	section	7850.000	2150.000	MS	E350 BO	10.000000	75.000000	10000.000000	150.000000	2150.000000
570064	RM00287	ISA 20 x 20 x 3 x 10000 E350 BO	rm	angl	MSE350BO	nos	section	7850.000	111.000	MS	E350 BO	3.000000	20.000000	10000.000000	20.000000	111.000000
571036	RM00288	ISA 200 x 100 x 10 x 10000 E350 BO	rm	angl	MSE350BO	nos	section	7850.000	2900.000	MS	E350 BO	10.000000	100.000000	10000.000000	200.000000	2900.000000
571037	RM00289	ISA 200 x 150 x 12 x 10000 E350 BO	rm	angl	MSE350BO	nos	section	7850.000	4056.000	MS	E350 BO	12.000000	150.000000	10000.000000	200.000000	4056.000000
571038	RM00290	ISA 200 x 200 x 15 x 10000 E350 BO	rm	angl	MSE350BO	nos	section	7850.000	5775.000	MS	E350 BO	15.000000	200.000000	10000.000000	200.000000	5775.000000
571039	RM00291	ISA 200 x 200 x 18 x 10000 E350 BO	rm	angl	MSE350BO	nos	section	7850.000	6876.000	MS	E350 BO	18.000000	200.000000	10000.000000	200.000000	6876.000000
570088	RM00292	ISA 25 x 25 x 3 x 10000 E350 BO	rm	angl	MSE350BO	nos	section	7850.000	141.000	MS	E350 BO	3.000000	25.000000	10000.000000	25.000000	141.000000
570114	RM00293	ISA 30 x 20 x 3 x 10000 E350 BO	rm	angl	MSE350BO	nos	section	7850.000	141.000	MS	E350 BO	3.000000	20.000000	10000.000000	30.000000	141.000000
570115	RM00294	ISA 30 x 30 x 3 x 10000 E350 BO	rm	angl	MSE350BO	nos	section	7850.000	171.000	MS	E350 BO	3.000000	30.000000	10000.000000	30.000000	171.000000
570160	RM00295	ISA 35 x 35 x 5 x 10000 E350 BO	rm	angl	MSE350BO	nos	section	7850.000	325.000	MS	E350 BO	5.000000	35.000000	10000.000000	35.000000	325.000000
570186	RM00296	ISA 40 x 25 x 4 x 10000 E350 BO	rm	angl	MSE350BO	nos	section	7850.000	244.000	MS	E350 BO	4.000000	25.000000	10000.000000	40.000000	244.000000
570187	RM00297	ISA 40 x 40 x 5 x 10000 E350 BO	rm	angl	MSE350BO	nos	section	7850.000	375.000	MS	E350 BO	5.000000	40.000000	10000.000000	40.000000	375.000000
570232	RM00298	ISA 45 x 30 x 4 x 10000 E350 BO	rm	angl	MSE350BO	nos	section	7850.000	284.000	MS	E350 BO	4.000000	30.000000	10000.000000	45.000000	284.000000
570258	RM00299	ISA 50 x 30 x 5 x 10000 E350 BO	rm	angl	MSE350BO	nos	section	7850.000	375.000	MS	E350 BO	5.000000	30.000000	10000.000000	50.000000	375.000000
570259	RM00300	ISA 50 x 50 x 6 x 10000 E350 BO	rm	angl	MSE350BO	nos	section	7850.000	564.000	MS	E350 BO	6.000000	50.000000	10000.000000	50.000000	564.000000
570306	RM00301	ISA 60 x 40 x 5 x 10000 E350 BO	rm	angl	MSE350BO	nos	section	7850.000	475.000	MS	E350 BO	5.000000	40.000000	10000.000000	60.000000	475.000000
570307	RM00302	ISA 60 x 60 x 6 x 10000 E350 BO	rm	angl	MSE350BO	nos	section	7850.000	684.000	MS	E350 BO	6.000000	60.000000	10000.000000	60.000000	684.000000
570354	RM00303	ISA 65 x 45 x 5 x 10000 E350 BO	rm	angl	MSE350BO	nos	section	7850.000	525.000	MS	E350 BO	5.000000	45.000000	10000.000000	65.000000	525.000000
570355	RM00304	ISA 65 x 65 x 6 x 10000 E350 BO	rm	angl	MSE350BO	nos	section	7850.000	744.000	MS	E350 BO	6.000000	65.000000	10000.000000	65.000000	744.000000
570400	RM00305	ISA 70 x 45 x 6 x 10000 E350 BO	rm	angl	MSE350BO	nos	section	7850.000	654.000	MS	E350 BO	6.000000	45.000000	10000.000000	70.000000	654.000000
570432	RM00306	ISA 75 x 50 x 6 x 10000 E350 BO	rm	angl	MSE350BO	nos	section	7850.000	714.000	MS	E350 BO	6.000000	50.000000	10000.000000	75.000000	714.000000
570433	RM00307	ISA 75 x 75 x 6 x 10000 E350 BO	rm	angl	MSE350BO	nos	section	7850.000	864.000	MS	E350 BO	6.000000	75.000000	10000.000000	75.000000	864.000000
570522	RM00308	ISA 80 x 50 x 6 x 10000 E350 BO	rm	angl	MSE350BO	nos	section	7850.000	744.000	MS	E350 BO	6.000000	50.000000	10000.000000	80.000000	744.000000
570523	RM00309	ISA 80 x 80 x 8 x 10000 E350 BO	rm	angl	MSE350BO	nos	section	7850.000	1216.000	MS	E350 BO	8.000000	80.000000	10000.000000	80.000000	1216.000000
570572	RM00310	ISA 90 x 60 x 6 x 10000 E350 BO	rm	angl	MSE350BO	nos	section	7850.000	864.000	MS	E350 BO	6.000000	60.000000	10000.000000	90.000000	864.000000
570573	RM00311	ISA 90 x 60 x 8 x 10000 E350 BO	rm	angl	MSE350BO	nos	section	7850.000	1136.000	MS	E350 BO	8.000000	60.000000	10000.000000	90.000000	1136.000000
570574	RM00312	ISA 90 x 90 x 8 x 10000 E350 BO	rm	angl	MSE350BO	nos	section	7850.000	1376.000	MS	E350 BO	8.000000	90.000000	10000.000000	90.000000	1376.000000
570650	RM00313	ISA 100 x 100 x 12 x 11000 E350 BO	rm	angl	MSE350BO	nos	section	7850.000	2256.000	MS	E350 BO	12.000000	100.000000	11000.000000	100.000000	2256.000000
570815	RM00314	ISA 130 x 130 x 12 x 11000 E350 BO	rm	angl	MSE350BO	nos	section	7850.000	2976.000	MS	E350 BO	12.000000	130.000000	11000.000000	130.000000	2976.000000
571040	RM00315	ISA 200 x 200 x 12 x 11000 E350 BO	rm	angl	MSE350BO	nos	section	7850.000	4656.000	MS	E350 BO	12.000000	200.000000	11000.000000	200.000000	4656.000000
570816	RM00316	ISA 130 x 130 x 10 x 11000 E350 BO	rm	angl	MSE350BO	nos	section	7850.000	2500.000	MS	E350 BO	10.000000	130.000000	11000.000000	130.000000	2500.000000
570817	RM00317	ISA 130 x 130 x 15 x 11000 E350 BO	rm	angl	MSE350BO	nos	section	7850.000	3675.000	MS	E350 BO	15.000000	130.000000	11000.000000	130.000000	3675.000000
571041	RM00318	ISA 200 x 200 x 25 x 11000 E350 BO	rm	angl	MSE350BO	nos	section	7850.000	9375.000	MS	E350 BO	25.000000	200.000000	11000.000000	200.000000	9375.000000
570896	RM00319	ISA 150 x 150 x 12 x 11000 E350 BO	rm	angl	MSE350BO	nos	section	7850.000	3456.000	MS	E350 BO	12.000000	150.000000	11000.000000	150.000000	3456.000000
570434	RM00320	ISA 75 x 75 x 10 x 11000 E350 BO	rm	angl	MSE350BO	nos	section	7850.000	1400.000	MS	E350 BO	10.000000	75.000000	11000.000000	75.000000	1400.000000
570651	RM00321	ISA 100 x 100 x 10 x 11000 E350 BO	rm	angl	MSE350BO	nos	section	7850.000	1900.000	MS	E350 BO	10.000000	100.000000	11000.000000	100.000000	1900.000000
570897	RM00322	ISA 150 x 150 x 10 x 11000 E350 BO	rm	angl	MSE350BO	nos	section	7850.000	2900.000	MS	E350 BO	10.000000	150.000000	11000.000000	150.000000	2900.000000
570898	RM00323	ISA 150 x 150 x 15 x 11000 E350 BO	rm	angl	MSE350BO	nos	section	7850.000	4275.000	MS	E350 BO	15.000000	150.000000	11000.000000	150.000000	4275.000000
570899	RM00324	ISA 150 x 150 x 16 x 11000 E350 BO	rm	angl	MSE350BO	nos	section	7850.000	4544.000	MS	E350 BO	16.000000	150.000000	11000.000000	150.000000	4544.000000
570435	RM00325	ISA 75 x 75 x 8 x 11000 E350 BO	rm	angl	MSE350BO	nos	section	7850.000	1136.000	MS	E350 BO	8.000000	75.000000	11000.000000	75.000000	1136.000000
570652	RM00326	ISA 100 x 65 x 8 x 11000 E350 BO	rm	angl	MSE350BO	nos	section	7850.000	1256.000	MS	E350 BO	8.000000	65.000000	11000.000000	100.000000	1256.000000
570653	RM00327	ISA 100 x 75 x 8 x 11000 E350 BO	rm	angl	MSE350BO	nos	section	7850.000	1336.000	MS	E350 BO	8.000000	75.000000	11000.000000	100.000000	1336.000000
570737	RM00328	ISA 110 x 110 x 10 x 11000 E350 BO	rm	angl	MSE350BO	nos	section	7850.000	2100.000	MS	E350 BO	10.000000	110.000000	11000.000000	110.000000	2100.000000
570764	RM00329	ISA 125 x 75 x 8 x 11000 E350 BO	rm	angl	MSE350BO	nos	section	7850.000	1536.000	MS	E350 BO	8.000000	75.000000	11000.000000	125.000000	1536.000000
570765	RM00330	ISA 125 x 95 x 10 x 11000 E350 BO	rm	angl	MSE350BO	nos	section	7850.000	2100.000	MS	E350 BO	10.000000	95.000000	11000.000000	125.000000	2100.000000
570900	RM00331	ISA 150 x 115 x 10 x 11000 E350 BO	rm	angl	MSE350BO	nos	section	7850.000	2550.000	MS	E350 BO	10.000000	115.000000	11000.000000	150.000000	2550.000000
570901	RM00332	ISA 150 x 75 x 10 x 11000 E350 BO	rm	angl	MSE350BO	nos	section	7850.000	2150.000	MS	E350 BO	10.000000	75.000000	11000.000000	150.000000	2150.000000
570065	RM00333	ISA 20 x 20 x 3 x 11000 E350 BO	rm	angl	MSE350BO	nos	section	7850.000	111.000	MS	E350 BO	3.000000	20.000000	11000.000000	20.000000	111.000000
571042	RM00334	ISA 200 x 100 x 10 x 11000 E350 BO	rm	angl	MSE350BO	nos	section	7850.000	2900.000	MS	E350 BO	10.000000	100.000000	11000.000000	200.000000	2900.000000
571043	RM00335	ISA 200 x 150 x 12 x 11000 E350 BO	rm	angl	MSE350BO	nos	section	7850.000	4056.000	MS	E350 BO	12.000000	150.000000	11000.000000	200.000000	4056.000000
571044	RM00336	ISA 200 x 200 x 15 x 11000 E350 BO	rm	angl	MSE350BO	nos	section	7850.000	5775.000	MS	E350 BO	15.000000	200.000000	11000.000000	200.000000	5775.000000
571045	RM00337	ISA 200 x 200 x 18 x 11000 E350 BO	rm	angl	MSE350BO	nos	section	7850.000	6876.000	MS	E350 BO	18.000000	200.000000	11000.000000	200.000000	6876.000000
570089	RM00338	ISA 25 x 25 x 3 x 11000 E350 BO	rm	angl	MSE350BO	nos	section	7850.000	141.000	MS	E350 BO	3.000000	25.000000	11000.000000	25.000000	141.000000
570116	RM00339	ISA 30 x 20 x 3 x 11000 E350 BO	rm	angl	MSE350BO	nos	section	7850.000	141.000	MS	E350 BO	3.000000	20.000000	11000.000000	30.000000	141.000000
570117	RM00340	ISA 30 x 30 x 3 x 11000 E350 BO	rm	angl	MSE350BO	nos	section	7850.000	171.000	MS	E350 BO	3.000000	30.000000	11000.000000	30.000000	171.000000
570161	RM00341	ISA 35 x 35 x 5 x 11000 E350 BO	rm	angl	MSE350BO	nos	section	7850.000	325.000	MS	E350 BO	5.000000	35.000000	11000.000000	35.000000	325.000000
570188	RM00342	ISA 40 x 25 x 4 x 11000 E350 BO	rm	angl	MSE350BO	nos	section	7850.000	244.000	MS	E350 BO	4.000000	25.000000	11000.000000	40.000000	244.000000
570189	RM00343	ISA 40 x 40 x 5 x 11000 E350 BO	rm	angl	MSE350BO	nos	section	7850.000	375.000	MS	E350 BO	5.000000	40.000000	11000.000000	40.000000	375.000000
570233	RM00344	ISA 45 x 30 x 4 x 11000 E350 BO	rm	angl	MSE350BO	nos	section	7850.000	284.000	MS	E350 BO	4.000000	30.000000	11000.000000	45.000000	284.000000
570260	RM00345	ISA 50 x 30 x 5 x 11000 E350 BO	rm	angl	MSE350BO	nos	section	7850.000	375.000	MS	E350 BO	5.000000	30.000000	11000.000000	50.000000	375.000000
570261	RM00346	ISA 50 x 50 x 6 x 11000 E350 BO	rm	angl	MSE350BO	nos	section	7850.000	564.000	MS	E350 BO	6.000000	50.000000	11000.000000	50.000000	564.000000
570308	RM00347	ISA 60 x 40 x 5 x 11000 E350 BO	rm	angl	MSE350BO	nos	section	7850.000	475.000	MS	E350 BO	5.000000	40.000000	11000.000000	60.000000	475.000000
570309	RM00348	ISA 60 x 60 x 6 x 11000 E350 BO	rm	angl	MSE350BO	nos	section	7850.000	684.000	MS	E350 BO	6.000000	60.000000	11000.000000	60.000000	684.000000
570356	RM00349	ISA 65 x 45 x 5 x 11000 E350 BO	rm	angl	MSE350BO	nos	section	7850.000	525.000	MS	E350 BO	5.000000	45.000000	11000.000000	65.000000	525.000000
570357	RM00350	ISA 65 x 65 x 6 x 11000 E350 BO	rm	angl	MSE350BO	nos	section	7850.000	744.000	MS	E350 BO	6.000000	65.000000	11000.000000	65.000000	744.000000
570401	RM00351	ISA 70 x 45 x 6 x 11000 E350 BO	rm	angl	MSE350BO	nos	section	7850.000	654.000	MS	E350 BO	6.000000	45.000000	11000.000000	70.000000	654.000000
570436	RM00352	ISA 75 x 50 x 6 x 11000 E350 BO	rm	angl	MSE350BO	nos	section	7850.000	714.000	MS	E350 BO	6.000000	50.000000	11000.000000	75.000000	714.000000
570437	RM00353	ISA 75 x 75 x 6 x 11000 E350 BO	rm	angl	MSE350BO	nos	section	7850.000	864.000	MS	E350 BO	6.000000	75.000000	11000.000000	75.000000	864.000000
570524	RM00354	ISA 80 x 50 x 6 x 11000 E350 BO	rm	angl	MSE350BO	nos	section	7850.000	744.000	MS	E350 BO	6.000000	50.000000	11000.000000	80.000000	744.000000
570525	RM00355	ISA 80 x 80 x 8 x 11000 E350 BO	rm	angl	MSE350BO	nos	section	7850.000	1216.000	MS	E350 BO	8.000000	80.000000	11000.000000	80.000000	1216.000000
570575	RM00356	ISA 90 x 60 x 6 x 11000 E350 BO	rm	angl	MSE350BO	nos	section	7850.000	864.000	MS	E350 BO	6.000000	60.000000	11000.000000	90.000000	864.000000
570576	RM00357	ISA 90 x 60 x 8 x 11000 E350 BO	rm	angl	MSE350BO	nos	section	7850.000	1136.000	MS	E350 BO	8.000000	60.000000	11000.000000	90.000000	1136.000000
570577	RM00358	ISA 90 x 90 x 8 x 11000 E350 BO	rm	angl	MSE350BO	nos	section	7850.000	1376.000	MS	E350 BO	8.000000	90.000000	11000.000000	90.000000	1376.000000
570654	RM00359	ISA 100 x 100 x 12 x 11500 E350 BO	rm	angl	MSE350BO	nos	section	7850.000	2256.000	MS	E350 BO	12.000000	100.000000	11500.000000	100.000000	2256.000000
570818	RM00360	ISA 130 x 130 x 12 x 11500 E350 BO	rm	angl	MSE350BO	nos	section	7850.000	2976.000	MS	E350 BO	12.000000	130.000000	11500.000000	130.000000	2976.000000
571046	RM00361	ISA 200 x 200 x 12 x 11500 E350 BO	rm	angl	MSE350BO	nos	section	7850.000	4656.000	MS	E350 BO	12.000000	200.000000	11500.000000	200.000000	4656.000000
570819	RM00362	ISA 130 x 130 x 10 x 11500 E350 BO	rm	angl	MSE350BO	nos	section	7850.000	2500.000	MS	E350 BO	10.000000	130.000000	11500.000000	130.000000	2500.000000
570820	RM00363	ISA 130 x 130 x 15 x 11500 E350 BO	rm	angl	MSE350BO	nos	section	7850.000	3675.000	MS	E350 BO	15.000000	130.000000	11500.000000	130.000000	3675.000000
571047	RM00364	ISA 200 x 200 x 25 x 11500 E350 BO	rm	angl	MSE350BO	nos	section	7850.000	9375.000	MS	E350 BO	25.000000	200.000000	11500.000000	200.000000	9375.000000
570902	RM00365	ISA 150 x 150 x 12 x 11500 E350 BO	rm	angl	MSE350BO	nos	section	7850.000	3456.000	MS	E350 BO	12.000000	150.000000	11500.000000	150.000000	3456.000000
570438	RM00366	ISA 75 x 75 x 10 x 11500 E350 BO	rm	angl	MSE350BO	nos	section	7850.000	1400.000	MS	E350 BO	10.000000	75.000000	11500.000000	75.000000	1400.000000
570655	RM00367	ISA 100 x 100 x 10 x 11500 E350 BO	rm	angl	MSE350BO	nos	section	7850.000	1900.000	MS	E350 BO	10.000000	100.000000	11500.000000	100.000000	1900.000000
570903	RM00368	ISA 150 x 150 x 10 x 11500 E350 BO	rm	angl	MSE350BO	nos	section	7850.000	2900.000	MS	E350 BO	10.000000	150.000000	11500.000000	150.000000	2900.000000
570904	RM00369	ISA 150 x 150 x 15 x 11500 E350 BO	rm	angl	MSE350BO	nos	section	7850.000	4275.000	MS	E350 BO	15.000000	150.000000	11500.000000	150.000000	4275.000000
570905	RM00370	ISA 150 x 150 x 16 x 11500 E350 BO	rm	angl	MSE350BO	nos	section	7850.000	4544.000	MS	E350 BO	16.000000	150.000000	11500.000000	150.000000	4544.000000
570439	RM00371	ISA 75 x 75 x 8 x 11500 E350 BO	rm	angl	MSE350BO	nos	section	7850.000	1136.000	MS	E350 BO	8.000000	75.000000	11500.000000	75.000000	1136.000000
570656	RM00372	ISA 100 x 65 x 8 x 11500 E350 BO	rm	angl	MSE350BO	nos	section	7850.000	1256.000	MS	E350 BO	8.000000	65.000000	11500.000000	100.000000	1256.000000
570657	RM00373	ISA 100 x 75 x 8 x 11500 E350 BO	rm	angl	MSE350BO	nos	section	7850.000	1336.000	MS	E350 BO	8.000000	75.000000	11500.000000	100.000000	1336.000000
570738	RM00374	ISA 110 x 110 x 10 x 11500 E350 BO	rm	angl	MSE350BO	nos	section	7850.000	2100.000	MS	E350 BO	10.000000	110.000000	11500.000000	110.000000	2100.000000
570766	RM00375	ISA 125 x 75 x 8 x 11500 E350 BO	rm	angl	MSE350BO	nos	section	7850.000	1536.000	MS	E350 BO	8.000000	75.000000	11500.000000	125.000000	1536.000000
570767	RM00376	ISA 125 x 95 x 10 x 11500 E350 BO	rm	angl	MSE350BO	nos	section	7850.000	2100.000	MS	E350 BO	10.000000	95.000000	11500.000000	125.000000	2100.000000
570906	RM00377	ISA 150 x 115 x 10 x 11500 E350 BO	rm	angl	MSE350BO	nos	section	7850.000	2550.000	MS	E350 BO	10.000000	115.000000	11500.000000	150.000000	2550.000000
570907	RM00378	ISA 150 x 75 x 10 x 11500 E350 BO	rm	angl	MSE350BO	nos	section	7850.000	2150.000	MS	E350 BO	10.000000	75.000000	11500.000000	150.000000	2150.000000
570066	RM00379	ISA 20 x 20 x 3 x 11500 E350 BO	rm	angl	MSE350BO	nos	section	7850.000	111.000	MS	E350 BO	3.000000	20.000000	11500.000000	20.000000	111.000000
571048	RM00380	ISA 200 x 100 x 10 x 11500 E350 BO	rm	angl	MSE350BO	nos	section	7850.000	2900.000	MS	E350 BO	10.000000	100.000000	11500.000000	200.000000	2900.000000
571049	RM00381	ISA 200 x 150 x 12 x 11500 E350 BO	rm	angl	MSE350BO	nos	section	7850.000	4056.000	MS	E350 BO	12.000000	150.000000	11500.000000	200.000000	4056.000000
571050	RM00382	ISA 200 x 200 x 15 x 11500 E350 BO	rm	angl	MSE350BO	nos	section	7850.000	5775.000	MS	E350 BO	15.000000	200.000000	11500.000000	200.000000	5775.000000
571051	RM00383	ISA 200 x 200 x 18 x 11500 E350 BO	rm	angl	MSE350BO	nos	section	7850.000	6876.000	MS	E350 BO	18.000000	200.000000	11500.000000	200.000000	6876.000000
570090	RM00384	ISA 25 x 25 x 3 x 11500 E350 BO	rm	angl	MSE350BO	nos	section	7850.000	141.000	MS	E350 BO	3.000000	25.000000	11500.000000	25.000000	141.000000
570118	RM00385	ISA 30 x 20 x 3 x 11500 E350 BO	rm	angl	MSE350BO	nos	section	7850.000	141.000	MS	E350 BO	3.000000	20.000000	11500.000000	30.000000	141.000000
570119	RM00386	ISA 30 x 30 x 3 x 11500 E350 BO	rm	angl	MSE350BO	nos	section	7850.000	171.000	MS	E350 BO	3.000000	30.000000	11500.000000	30.000000	171.000000
570162	RM00387	ISA 35 x 35 x 5 x 11500 E350 BO	rm	angl	MSE350BO	nos	section	7850.000	325.000	MS	E350 BO	5.000000	35.000000	11500.000000	35.000000	325.000000
570190	RM00388	ISA 40 x 25 x 4 x 11500 E350 BO	rm	angl	MSE350BO	nos	section	7850.000	244.000	MS	E350 BO	4.000000	25.000000	11500.000000	40.000000	244.000000
570191	RM00389	ISA 40 x 40 x 5 x 11500 E350 BO	rm	angl	MSE350BO	nos	section	7850.000	375.000	MS	E350 BO	5.000000	40.000000	11500.000000	40.000000	375.000000
570234	RM00390	ISA 45 x 30 x 4 x 11500 E350 BO	rm	angl	MSE350BO	nos	section	7850.000	284.000	MS	E350 BO	4.000000	30.000000	11500.000000	45.000000	284.000000
570262	RM00391	ISA 50 x 30 x 5 x 11500 E350 BO	rm	angl	MSE350BO	nos	section	7850.000	375.000	MS	E350 BO	5.000000	30.000000	11500.000000	50.000000	375.000000
570263	RM00392	ISA 50 x 50 x 6 x 11500 E350 BO	rm	angl	MSE350BO	nos	section	7850.000	564.000	MS	E350 BO	6.000000	50.000000	11500.000000	50.000000	564.000000
570310	RM00393	ISA 60 x 40 x 5 x 11500 E350 BO	rm	angl	MSE350BO	nos	section	7850.000	475.000	MS	E350 BO	5.000000	40.000000	11500.000000	60.000000	475.000000
570311	RM00394	ISA 60 x 60 x 6 x 11500 E350 BO	rm	angl	MSE350BO	nos	section	7850.000	684.000	MS	E350 BO	6.000000	60.000000	11500.000000	60.000000	684.000000
570358	RM00395	ISA 65 x 45 x 5 x 11500 E350 BO	rm	angl	MSE350BO	nos	section	7850.000	525.000	MS	E350 BO	5.000000	45.000000	11500.000000	65.000000	525.000000
570359	RM00396	ISA 65 x 65 x 6 x 11500 E350 BO	rm	angl	MSE350BO	nos	section	7850.000	744.000	MS	E350 BO	6.000000	65.000000	11500.000000	65.000000	744.000000
570402	RM00397	ISA 70 x 45 x 6 x 11500 E350 BO	rm	angl	MSE350BO	nos	section	7850.000	654.000	MS	E350 BO	6.000000	45.000000	11500.000000	70.000000	654.000000
570440	RM00398	ISA 75 x 50 x 6 x 11500 E350 BO	rm	angl	MSE350BO	nos	section	7850.000	714.000	MS	E350 BO	6.000000	50.000000	11500.000000	75.000000	714.000000
570441	RM00399	ISA 75 x 75 x 6 x 11500 E350 BO	rm	angl	MSE350BO	nos	section	7850.000	864.000	MS	E350 BO	6.000000	75.000000	11500.000000	75.000000	864.000000
570526	RM00400	ISA 80 x 50 x 6 x 11500 E350 BO	rm	angl	MSE350BO	nos	section	7850.000	744.000	MS	E350 BO	6.000000	50.000000	11500.000000	80.000000	744.000000
570527	RM00401	ISA 80 x 80 x 8 x 11500 E350 BO	rm	angl	MSE350BO	nos	section	7850.000	1216.000	MS	E350 BO	8.000000	80.000000	11500.000000	80.000000	1216.000000
570578	RM00402	ISA 90 x 60 x 6 x 11500 E350 BO	rm	angl	MSE350BO	nos	section	7850.000	864.000	MS	E350 BO	6.000000	60.000000	11500.000000	90.000000	864.000000
570579	RM00403	ISA 90 x 60 x 8 x 11500 E350 BO	rm	angl	MSE350BO	nos	section	7850.000	1136.000	MS	E350 BO	8.000000	60.000000	11500.000000	90.000000	1136.000000
570580	RM00404	ISA 90 x 90 x 8 x 11500 E350 BO	rm	angl	MSE350BO	nos	section	7850.000	1376.000	MS	E350 BO	8.000000	90.000000	11500.000000	90.000000	1376.000000
570658	RM00405	ISA 100 x 100 x 12 x 12000 E350 BO	rm	angl	MSE350BO	nos	section	7850.000	2256.000	MS	E350 BO	12.000000	100.000000	12000.000000	100.000000	2256.000000
570821	RM00406	ISA 130 x 130 x 12 x 12000 E350 BO	rm	angl	MSE350BO	nos	section	7850.000	2976.000	MS	E350 BO	12.000000	130.000000	12000.000000	130.000000	2976.000000
571052	RM00407	ISA 200 x 200 x 12 x 12000 E350 BO	rm	angl	MSE350BO	nos	section	7850.000	4656.000	MS	E350 BO	12.000000	200.000000	12000.000000	200.000000	4656.000000
570822	RM00408	ISA 130 x 130 x 10 x 12000 E350 BO	rm	angl	MSE350BO	nos	section	7850.000	2500.000	MS	E350 BO	10.000000	130.000000	12000.000000	130.000000	2500.000000
570823	RM00409	ISA 130 x 130 x 15 x 12000 E350 BO	rm	angl	MSE350BO	nos	section	7850.000	3675.000	MS	E350 BO	15.000000	130.000000	12000.000000	130.000000	3675.000000
571053	RM00410	ISA 200 x 200 x 25 x 12000 E350 BO	rm	angl	MSE350BO	nos	section	7850.000	9375.000	MS	E350 BO	25.000000	200.000000	12000.000000	200.000000	9375.000000
570908	RM00411	ISA 150 x 150 x 12 x 12000 E350 BO	rm	angl	MSE350BO	nos	section	7850.000	3456.000	MS	E350 BO	12.000000	150.000000	12000.000000	150.000000	3456.000000
570442	RM00412	ISA 75 x 75 x 10 x 12000 E350 BO	rm	angl	MSE350BO	nos	section	7850.000	1400.000	MS	E350 BO	10.000000	75.000000	12000.000000	75.000000	1400.000000
570659	RM00413	ISA 100 x 100 x 10 x 12000 E350 BO	rm	angl	MSE350BO	nos	section	7850.000	1900.000	MS	E350 BO	10.000000	100.000000	12000.000000	100.000000	1900.000000
570909	RM00414	ISA 150 x 150 x 10 x 12000 E350 BO	rm	angl	MSE350BO	nos	section	7850.000	2900.000	MS	E350 BO	10.000000	150.000000	12000.000000	150.000000	2900.000000
570910	RM00415	ISA 150 x 150 x 15 x 12000 E350 BO	rm	angl	MSE350BO	nos	section	7850.000	4275.000	MS	E350 BO	15.000000	150.000000	12000.000000	150.000000	4275.000000
570911	RM00416	ISA 150 x 150 x 16 x 12000 E350 BO	rm	angl	MSE350BO	nos	section	7850.000	4544.000	MS	E350 BO	16.000000	150.000000	12000.000000	150.000000	4544.000000
570443	RM00417	ISA 75 x 75 x 8 x 12000 E350 BO	rm	angl	MSE350BO	nos	section	7850.000	1136.000	MS	E350 BO	8.000000	75.000000	12000.000000	75.000000	1136.000000
570660	RM00418	ISA 100 x 65 x 8 x 12000 E350 BO	rm	angl	MSE350BO	nos	section	7850.000	1256.000	MS	E350 BO	8.000000	65.000000	12000.000000	100.000000	1256.000000
570661	RM00419	ISA 100 x 75 x 8 x 12000 E350 BO	rm	angl	MSE350BO	nos	section	7850.000	1336.000	MS	E350 BO	8.000000	75.000000	12000.000000	100.000000	1336.000000
570739	RM00420	ISA 110 x 110 x 10 x 12000 E350 BO	rm	angl	MSE350BO	nos	section	7850.000	2100.000	MS	E350 BO	10.000000	110.000000	12000.000000	110.000000	2100.000000
570768	RM00421	ISA 125 x 75 x 8 x 12000 E350 BO	rm	angl	MSE350BO	nos	section	7850.000	1536.000	MS	E350 BO	8.000000	75.000000	12000.000000	125.000000	1536.000000
570769	RM00422	ISA 125 x 95 x 10 x 12000 E350 BO	rm	angl	MSE350BO	nos	section	7850.000	2100.000	MS	E350 BO	10.000000	95.000000	12000.000000	125.000000	2100.000000
570912	RM00423	ISA 150 x 115 x 10 x 12000 E350 BO	rm	angl	MSE350BO	nos	section	7850.000	2550.000	MS	E350 BO	10.000000	115.000000	12000.000000	150.000000	2550.000000
570913	RM00424	ISA 150 x 75 x 10 x 12000 E350 BO	rm	angl	MSE350BO	nos	section	7850.000	2150.000	MS	E350 BO	10.000000	75.000000	12000.000000	150.000000	2150.000000
570067	RM00425	ISA 20 x 20 x 3 x 12000 E350 BO	rm	angl	MSE350BO	nos	section	7850.000	111.000	MS	E350 BO	3.000000	20.000000	12000.000000	20.000000	111.000000
571054	RM00426	ISA 200 x 100 x 10 x 12000 E350 BO	rm	angl	MSE350BO	nos	section	7850.000	2900.000	MS	E350 BO	10.000000	100.000000	12000.000000	200.000000	2900.000000
571055	RM00427	ISA 200 x 150 x 12 x 12000 E350 BO	rm	angl	MSE350BO	nos	section	7850.000	4056.000	MS	E350 BO	12.000000	150.000000	12000.000000	200.000000	4056.000000
571056	RM00428	ISA 200 x 200 x 15 x 12000 E350 BO	rm	angl	MSE350BO	nos	section	7850.000	5775.000	MS	E350 BO	15.000000	200.000000	12000.000000	200.000000	5775.000000
571057	RM00429	ISA 200 x 200 x 18 x 12000 E350 BO	rm	angl	MSE350BO	nos	section	7850.000	6876.000	MS	E350 BO	18.000000	200.000000	12000.000000	200.000000	6876.000000
570091	RM00430	ISA 25 x 25 x 3 x 12000 E350 BO	rm	angl	MSE350BO	nos	section	7850.000	141.000	MS	E350 BO	3.000000	25.000000	12000.000000	25.000000	141.000000
570120	RM00431	ISA 30 x 20 x 3 x 12000 E350 BO	rm	angl	MSE350BO	nos	section	7850.000	141.000	MS	E350 BO	3.000000	20.000000	12000.000000	30.000000	141.000000
570121	RM00432	ISA 30 x 30 x 3 x 12000 E350 BO	rm	angl	MSE350BO	nos	section	7850.000	171.000	MS	E350 BO	3.000000	30.000000	12000.000000	30.000000	171.000000
570163	RM00433	ISA 35 x 35 x 5 x 12000 E350 BO	rm	angl	MSE350BO	nos	section	7850.000	325.000	MS	E350 BO	5.000000	35.000000	12000.000000	35.000000	325.000000
570192	RM00434	ISA 40 x 25 x 4 x 12000 E350 BO	rm	angl	MSE350BO	nos	section	7850.000	244.000	MS	E350 BO	4.000000	25.000000	12000.000000	40.000000	244.000000
570193	RM00435	ISA 40 x 40 x 5 x 12000 E350 BO	rm	angl	MSE350BO	nos	section	7850.000	375.000	MS	E350 BO	5.000000	40.000000	12000.000000	40.000000	375.000000
570235	RM00436	ISA 45 x 30 x 4 x 12000 E350 BO	rm	angl	MSE350BO	nos	section	7850.000	284.000	MS	E350 BO	4.000000	30.000000	12000.000000	45.000000	284.000000
570264	RM00437	ISA 50 x 30 x 5 x 12000 E350 BO	rm	angl	MSE350BO	nos	section	7850.000	375.000	MS	E350 BO	5.000000	30.000000	12000.000000	50.000000	375.000000
570265	RM00438	ISA 50 x 50 x 6 x 12000 E350 BO	rm	angl	MSE350BO	nos	section	7850.000	564.000	MS	E350 BO	6.000000	50.000000	12000.000000	50.000000	564.000000
570312	RM00439	ISA 60 x 40 x 5 x 12000 E350 BO	rm	angl	MSE350BO	nos	section	7850.000	475.000	MS	E350 BO	5.000000	40.000000	12000.000000	60.000000	475.000000
570313	RM00440	ISA 60 x 60 x 6 x 12000 E350 BO	rm	angl	MSE350BO	nos	section	7850.000	684.000	MS	E350 BO	6.000000	60.000000	12000.000000	60.000000	684.000000
570360	RM00441	ISA 65 x 45 x 5 x 12000 E350 BO	rm	angl	MSE350BO	nos	section	7850.000	525.000	MS	E350 BO	5.000000	45.000000	12000.000000	65.000000	525.000000
570361	RM00442	ISA 65 x 65 x 6 x 12000 E350 BO	rm	angl	MSE350BO	nos	section	7850.000	744.000	MS	E350 BO	6.000000	65.000000	12000.000000	65.000000	744.000000
570403	RM00443	ISA 70 x 45 x 6 x 12000 E350 BO	rm	angl	MSE350BO	nos	section	7850.000	654.000	MS	E350 BO	6.000000	45.000000	12000.000000	70.000000	654.000000
570444	RM00444	ISA 75 x 50 x 6 x 12000 E350 BO	rm	angl	MSE350BO	nos	section	7850.000	714.000	MS	E350 BO	6.000000	50.000000	12000.000000	75.000000	714.000000
570445	RM00445	ISA 75 x 75 x 6 x 12000 E350 BO	rm	angl	MSE350BO	nos	section	7850.000	864.000	MS	E350 BO	6.000000	75.000000	12000.000000	75.000000	864.000000
570528	RM00446	ISA 80 x 50 x 6 x 12000 E350 BO	rm	angl	MSE350BO	nos	section	7850.000	744.000	MS	E350 BO	6.000000	50.000000	12000.000000	80.000000	744.000000
570529	RM00447	ISA 80 x 80 x 8 x 12000 E350 BO	rm	angl	MSE350BO	nos	section	7850.000	1216.000	MS	E350 BO	8.000000	80.000000	12000.000000	80.000000	1216.000000
570581	RM00448	ISA 90 x 60 x 6 x 12000 E350 BO	rm	angl	MSE350BO	nos	section	7850.000	864.000	MS	E350 BO	6.000000	60.000000	12000.000000	90.000000	864.000000
570582	RM00449	ISA 90 x 60 x 8 x 12000 E350 BO	rm	angl	MSE350BO	nos	section	7850.000	1136.000	MS	E350 BO	8.000000	60.000000	12000.000000	90.000000	1136.000000
570583	RM00450	ISA 90 x 90 x 8 x 12000 E350 BO	rm	angl	MSE350BO	nos	section	7850.000	1376.000	MS	E350 BO	8.000000	90.000000	12000.000000	90.000000	1376.000000
570662	RM00451	ISA 100 x 100 x 12 x 6000 E250 BO	rm	angl	MSE250BO	nos	section	7850.000	2256.000	MS	E250 BO	12.000000	100.000000	6000.000000	100.000000	2256.000000
570824	RM00452	ISA 130 x 130 x 12 x 6000 E250 BO	rm	angl	MSE250BO	nos	section	7850.000	2976.000	MS	E250 BO	12.000000	130.000000	6000.000000	130.000000	2976.000000
571058	RM00453	ISA 200 x 200 x 12 x 6000 E250 BO	rm	angl	MSE250BO	nos	section	7850.000	4656.000	MS	E250 BO	12.000000	200.000000	6000.000000	200.000000	4656.000000
570825	RM00454	ISA 130 x 130 x 10 x 6000 E250 BO	rm	angl	MSE250BO	nos	section	7850.000	2500.000	MS	E250 BO	10.000000	130.000000	6000.000000	130.000000	2500.000000
570826	RM00455	ISA 130 x 130 x 15 x 6000 E250 BO	rm	angl	MSE250BO	nos	section	7850.000	3675.000	MS	E250 BO	15.000000	130.000000	6000.000000	130.000000	3675.000000
571059	RM00456	ISA 200 x 200 x 25 x 6000 E250 BO	rm	angl	MSE250BO	nos	section	7850.000	9375.000	MS	E250 BO	25.000000	200.000000	6000.000000	200.000000	9375.000000
570914	RM00457	ISA 150 x 150 x 12 x 6000 E250 BO	rm	angl	MSE250BO	nos	section	7850.000	3456.000	MS	E250 BO	12.000000	150.000000	6000.000000	150.000000	3456.000000
570446	RM00458	ISA 75 x 75 x 10 x 6000 E250 BO	rm	angl	MSE250BO	nos	section	7850.000	1400.000	MS	E250 BO	10.000000	75.000000	6000.000000	75.000000	1400.000000
570663	RM00459	ISA 100 x 100 x 10 x 6000 E250 BO	rm	angl	MSE250BO	nos	section	7850.000	1900.000	MS	E250 BO	10.000000	100.000000	6000.000000	100.000000	1900.000000
570915	RM00460	ISA 150 x 150 x 10 x 6000 E250 BO	rm	angl	MSE250BO	nos	section	7850.000	2900.000	MS	E250 BO	10.000000	150.000000	6000.000000	150.000000	2900.000000
570916	RM00461	ISA 150 x 150 x 15 x 6000 E250 BO	rm	angl	MSE250BO	nos	section	7850.000	4275.000	MS	E250 BO	15.000000	150.000000	6000.000000	150.000000	4275.000000
570917	RM00462	ISA 150 x 150 x 16 x 6000 E250 BO	rm	angl	MSE250BO	nos	section	7850.000	4544.000	MS	E250 BO	16.000000	150.000000	6000.000000	150.000000	4544.000000
570447	RM00463	ISA 75 x 75 x 8 x 6000 E250 BO	rm	angl	MSE250BO	nos	section	7850.000	1136.000	MS	E250 BO	8.000000	75.000000	6000.000000	75.000000	1136.000000
570664	RM00464	ISA 100 x 65 x 8 x 6000 E250 BO	rm	angl	MSE250BO	nos	section	7850.000	1256.000	MS	E250 BO	8.000000	65.000000	6000.000000	100.000000	1256.000000
570665	RM00465	ISA 100 x 75 x 8 x 6000 E250 BO	rm	angl	MSE250BO	nos	section	7850.000	1336.000	MS	E250 BO	8.000000	75.000000	6000.000000	100.000000	1336.000000
570740	RM00466	ISA 110 x 110 x 10 x 6000 E250 BO	rm	angl	MSE250BO	nos	section	7850.000	2100.000	MS	E250 BO	10.000000	110.000000	6000.000000	110.000000	2100.000000
570770	RM00467	ISA 125 x 75 x 8 x 6000 E250 BO	rm	angl	MSE250BO	nos	section	7850.000	1536.000	MS	E250 BO	8.000000	75.000000	6000.000000	125.000000	1536.000000
570771	RM00468	ISA 125 x 95 x 10 x 6000 E250 BO	rm	angl	MSE250BO	nos	section	7850.000	2100.000	MS	E250 BO	10.000000	95.000000	6000.000000	125.000000	2100.000000
570918	RM00469	ISA 150 x 115 x 10 x 6000 E250 BO	rm	angl	MSE250BO	nos	section	7850.000	2550.000	MS	E250 BO	10.000000	115.000000	6000.000000	150.000000	2550.000000
570919	RM00470	ISA 150 x 75 x 10 x 6000 E250 BO	rm	angl	MSE250BO	nos	section	7850.000	2150.000	MS	E250 BO	10.000000	75.000000	6000.000000	150.000000	2150.000000
570068	RM00471	ISA 20 x 20 x 3 x 6000 E250 BO	rm	angl	MSE250BO	nos	section	7850.000	111.000	MS	E250 BO	3.000000	20.000000	6000.000000	20.000000	111.000000
571060	RM00472	ISA 200 x 100 x 10 x 6000 E250 BO	rm	angl	MSE250BO	nos	section	7850.000	2900.000	MS	E250 BO	10.000000	100.000000	6000.000000	200.000000	2900.000000
571061	RM00473	ISA 200 x 150 x 12 x 6000 E250 BO	rm	angl	MSE250BO	nos	section	7850.000	4056.000	MS	E250 BO	12.000000	150.000000	6000.000000	200.000000	4056.000000
571062	RM00474	ISA 200 x 200 x 15 x 6000 E250 BO	rm	angl	MSE250BO	nos	section	7850.000	5775.000	MS	E250 BO	15.000000	200.000000	6000.000000	200.000000	5775.000000
571063	RM00475	ISA 200 x 200 x 18 x 6000 E250 BO	rm	angl	MSE250BO	nos	section	7850.000	6876.000	MS	E250 BO	18.000000	200.000000	6000.000000	200.000000	6876.000000
570092	RM00476	ISA 25 x 25 x 3 x 6000 E250 BO	rm	angl	MSE250BO	nos	section	7850.000	141.000	MS	E250 BO	3.000000	25.000000	6000.000000	25.000000	141.000000
570122	RM00477	ISA 30 x 20 x 3 x 6000 E250 BO	rm	angl	MSE250BO	nos	section	7850.000	141.000	MS	E250 BO	3.000000	20.000000	6000.000000	30.000000	141.000000
570123	RM00478	ISA 30 x 30 x 3 x 6000 E250 BO	rm	angl	MSE250BO	nos	section	7850.000	171.000	MS	E250 BO	3.000000	30.000000	6000.000000	30.000000	171.000000
570164	RM00479	ISA 35 x 35 x 5 x 6000 E250 BO	rm	angl	MSE250BO	nos	section	7850.000	325.000	MS	E250 BO	5.000000	35.000000	6000.000000	35.000000	325.000000
570194	RM00480	ISA 40 x 25 x 4 x 6000 E250 BO	rm	angl	MSE250BO	nos	section	7850.000	244.000	MS	E250 BO	4.000000	25.000000	6000.000000	40.000000	244.000000
570195	RM00481	ISA 40 x 40 x 5 x 6000 E250 BO	rm	angl	MSE250BO	nos	section	7850.000	375.000	MS	E250 BO	5.000000	40.000000	6000.000000	40.000000	375.000000
570236	RM00482	ISA 45 x 30 x 4 x 6000 E250 BO	rm	angl	MSE250BO	nos	section	7850.000	284.000	MS	E250 BO	4.000000	30.000000	6000.000000	45.000000	284.000000
570266	RM00483	ISA 50 x 30 x 5 x 6000 E250 BO	rm	angl	MSE250BO	nos	section	7850.000	375.000	MS	E250 BO	5.000000	30.000000	6000.000000	50.000000	375.000000
570267	RM00484	ISA 50 x 50 x 6 x 6000 E250 BO	rm	angl	MSE250BO	nos	section	7850.000	564.000	MS	E250 BO	6.000000	50.000000	6000.000000	50.000000	564.000000
570314	RM00485	ISA 60 x 40 x 5 x 6000 E250 BO	rm	angl	MSE250BO	nos	section	7850.000	475.000	MS	E250 BO	5.000000	40.000000	6000.000000	60.000000	475.000000
570315	RM00486	ISA 60 x 60 x 6 x 6000 E250 BO	rm	angl	MSE250BO	nos	section	7850.000	684.000	MS	E250 BO	6.000000	60.000000	6000.000000	60.000000	684.000000
570362	RM00487	ISA 65 x 45 x 5 x 6000 E250 BO	rm	angl	MSE250BO	nos	section	7850.000	525.000	MS	E250 BO	5.000000	45.000000	6000.000000	65.000000	525.000000
570363	RM00488	ISA 65 x 65 x 6 x 6000 E250 BO	rm	angl	MSE250BO	nos	section	7850.000	744.000	MS	E250 BO	6.000000	65.000000	6000.000000	65.000000	744.000000
570404	RM00489	ISA 70 x 45 x 6 x 6000 E250 BO	rm	angl	MSE250BO	nos	section	7850.000	654.000	MS	E250 BO	6.000000	45.000000	6000.000000	70.000000	654.000000
570448	RM00490	ISA 75 x 50 x 6 x 6000 E250 BO	rm	angl	MSE250BO	nos	section	7850.000	714.000	MS	E250 BO	6.000000	50.000000	6000.000000	75.000000	714.000000
570449	RM00491	ISA 75 x 75 x 6 x 6000 E250 BO	rm	angl	MSE250BO	nos	section	7850.000	864.000	MS	E250 BO	6.000000	75.000000	6000.000000	75.000000	864.000000
570530	RM00492	ISA 80 x 50 x 6 x 6000 E250 BO	rm	angl	MSE250BO	nos	section	7850.000	744.000	MS	E250 BO	6.000000	50.000000	6000.000000	80.000000	744.000000
570531	RM00493	ISA 80 x 80 x 8 x 6000 E250 BO	rm	angl	MSE250BO	nos	section	7850.000	1216.000	MS	E250 BO	8.000000	80.000000	6000.000000	80.000000	1216.000000
570584	RM00494	ISA 90 x 60 x 6 x 6000 E250 BO	rm	angl	MSE250BO	nos	section	7850.000	864.000	MS	E250 BO	6.000000	60.000000	6000.000000	90.000000	864.000000
570585	RM00495	ISA 90 x 60 x 8 x 6000 E250 BO	rm	angl	MSE250BO	nos	section	7850.000	1136.000	MS	E250 BO	8.000000	60.000000	6000.000000	90.000000	1136.000000
570586	RM00496	ISA 90 x 90 x 8 x 6000 E250 BO	rm	angl	MSE250BO	nos	section	7850.000	1376.000	MS	E250 BO	8.000000	90.000000	6000.000000	90.000000	1376.000000
570666	RM00497	ISA 100 x 100 x 12 x 9000 E250 BO	rm	angl	MSE250BO	nos	section	7850.000	2256.000	MS	E250 BO	12.000000	100.000000	9000.000000	100.000000	2256.000000
570827	RM00498	ISA 130 x 130 x 12 x 9000 E250 BO	rm	angl	MSE250BO	nos	section	7850.000	2976.000	MS	E250 BO	12.000000	130.000000	9000.000000	130.000000	2976.000000
571064	RM00499	ISA 200 x 200 x 12 x 9000 E250 BO	rm	angl	MSE250BO	nos	section	7850.000	4656.000	MS	E250 BO	12.000000	200.000000	9000.000000	200.000000	4656.000000
570828	RM00500	ISA 130 x 130 x 10 x 9000 E250 BO	rm	angl	MSE250BO	nos	section	7850.000	2500.000	MS	E250 BO	10.000000	130.000000	9000.000000	130.000000	2500.000000
570829	RM00501	ISA 130 x 130 x 15 x 9000 E250 BO	rm	angl	MSE250BO	nos	section	7850.000	3675.000	MS	E250 BO	15.000000	130.000000	9000.000000	130.000000	3675.000000
571065	RM00502	ISA 200 x 200 x 25 x 9000 E250 BO	rm	angl	MSE250BO	nos	section	7850.000	9375.000	MS	E250 BO	25.000000	200.000000	9000.000000	200.000000	9375.000000
570920	RM00503	ISA 150 x 150 x 12 x 9000 E250 BO	rm	angl	MSE250BO	nos	section	7850.000	3456.000	MS	E250 BO	12.000000	150.000000	9000.000000	150.000000	3456.000000
570450	RM00504	ISA 75 x 75 x 10 x 9000 E250 BO	rm	angl	MSE250BO	nos	section	7850.000	1400.000	MS	E250 BO	10.000000	75.000000	9000.000000	75.000000	1400.000000
570667	RM00505	ISA 100 x 100 x 10 x 9000 E250 BO	rm	angl	MSE250BO	nos	section	7850.000	1900.000	MS	E250 BO	10.000000	100.000000	9000.000000	100.000000	1900.000000
570921	RM00506	ISA 150 x 150 x 10 x 9000 E250 BO	rm	angl	MSE250BO	nos	section	7850.000	2900.000	MS	E250 BO	10.000000	150.000000	9000.000000	150.000000	2900.000000
570922	RM00507	ISA 150 x 150 x 15 x 9000 E250 BO	rm	angl	MSE250BO	nos	section	7850.000	4275.000	MS	E250 BO	15.000000	150.000000	9000.000000	150.000000	4275.000000
570923	RM00508	ISA 150 x 150 x 16 x 9000 E250 BO	rm	angl	MSE250BO	nos	section	7850.000	4544.000	MS	E250 BO	16.000000	150.000000	9000.000000	150.000000	4544.000000
570451	RM00509	ISA 75 x 75 x 8 x 9000 E250 BO	rm	angl	MSE250BO	nos	section	7850.000	1136.000	MS	E250 BO	8.000000	75.000000	9000.000000	75.000000	1136.000000
570668	RM00510	ISA 100 x 65 x 8 x 9000 E250 BO	rm	angl	MSE250BO	nos	section	7850.000	1256.000	MS	E250 BO	8.000000	65.000000	9000.000000	100.000000	1256.000000
570669	RM00511	ISA 100 x 75 x 8 x 9000 E250 BO	rm	angl	MSE250BO	nos	section	7850.000	1336.000	MS	E250 BO	8.000000	75.000000	9000.000000	100.000000	1336.000000
570741	RM00512	ISA 110 x 110 x 10 x 9000 E250 BO	rm	angl	MSE250BO	nos	section	7850.000	2100.000	MS	E250 BO	10.000000	110.000000	9000.000000	110.000000	2100.000000
570772	RM00513	ISA 125 x 75 x 8 x 9000 E250 BO	rm	angl	MSE250BO	nos	section	7850.000	1536.000	MS	E250 BO	8.000000	75.000000	9000.000000	125.000000	1536.000000
570773	RM00514	ISA 125 x 95 x 10 x 9000 E250 BO	rm	angl	MSE250BO	nos	section	7850.000	2100.000	MS	E250 BO	10.000000	95.000000	9000.000000	125.000000	2100.000000
570924	RM00515	ISA 150 x 115 x 10 x 9000 E250 BO	rm	angl	MSE250BO	nos	section	7850.000	2550.000	MS	E250 BO	10.000000	115.000000	9000.000000	150.000000	2550.000000
570925	RM00516	ISA 150 x 75 x 10 x 9000 E250 BO	rm	angl	MSE250BO	nos	section	7850.000	2150.000	MS	E250 BO	10.000000	75.000000	9000.000000	150.000000	2150.000000
570069	RM00517	ISA 20 x 20 x 3 x 9000 E250 BO	rm	angl	MSE250BO	nos	section	7850.000	111.000	MS	E250 BO	3.000000	20.000000	9000.000000	20.000000	111.000000
571066	RM00518	ISA 200 x 100 x 10 x 9000 E250 BO	rm	angl	MSE250BO	nos	section	7850.000	2900.000	MS	E250 BO	10.000000	100.000000	9000.000000	200.000000	2900.000000
571067	RM00519	ISA 200 x 150 x 12 x 9000 E250 BO	rm	angl	MSE250BO	nos	section	7850.000	4056.000	MS	E250 BO	12.000000	150.000000	9000.000000	200.000000	4056.000000
571068	RM00520	ISA 200 x 200 x 15 x 9000 E250 BO	rm	angl	MSE250BO	nos	section	7850.000	5775.000	MS	E250 BO	15.000000	200.000000	9000.000000	200.000000	5775.000000
571069	RM00521	ISA 200 x 200 x 18 x 9000 E250 BO	rm	angl	MSE250BO	nos	section	7850.000	6876.000	MS	E250 BO	18.000000	200.000000	9000.000000	200.000000	6876.000000
570093	RM00522	ISA 25 x 25 x 3 x 9000 E250 BO	rm	angl	MSE250BO	nos	section	7850.000	141.000	MS	E250 BO	3.000000	25.000000	9000.000000	25.000000	141.000000
570124	RM00523	ISA 30 x 20 x 3 x 9000 E250 BO	rm	angl	MSE250BO	nos	section	7850.000	141.000	MS	E250 BO	3.000000	20.000000	9000.000000	30.000000	141.000000
570125	RM00524	ISA 30 x 30 x 3 x 9000 E250 BO	rm	angl	MSE250BO	nos	section	7850.000	171.000	MS	E250 BO	3.000000	30.000000	9000.000000	30.000000	171.000000
570165	RM00525	ISA 35 x 35 x 5 x 9000 E250 BO	rm	angl	MSE250BO	nos	section	7850.000	325.000	MS	E250 BO	5.000000	35.000000	9000.000000	35.000000	325.000000
570196	RM00526	ISA 40 x 25 x 4 x 9000 E250 BO	rm	angl	MSE250BO	nos	section	7850.000	244.000	MS	E250 BO	4.000000	25.000000	9000.000000	40.000000	244.000000
570197	RM00527	ISA 40 x 40 x 5 x 9000 E250 BO	rm	angl	MSE250BO	nos	section	7850.000	375.000	MS	E250 BO	5.000000	40.000000	9000.000000	40.000000	375.000000
570237	RM00528	ISA 45 x 30 x 4 x 9000 E250 BO	rm	angl	MSE250BO	nos	section	7850.000	284.000	MS	E250 BO	4.000000	30.000000	9000.000000	45.000000	284.000000
570268	RM00529	ISA 50 x 30 x 5 x 9000 E250 BO	rm	angl	MSE250BO	nos	section	7850.000	375.000	MS	E250 BO	5.000000	30.000000	9000.000000	50.000000	375.000000
570269	RM00530	ISA 50 x 50 x 6 x 9000 E250 BO	rm	angl	MSE250BO	nos	section	7850.000	564.000	MS	E250 BO	6.000000	50.000000	9000.000000	50.000000	564.000000
570316	RM00531	ISA 60 x 40 x 5 x 9000 E250 BO	rm	angl	MSE250BO	nos	section	7850.000	475.000	MS	E250 BO	5.000000	40.000000	9000.000000	60.000000	475.000000
570317	RM00532	ISA 60 x 60 x 6 x 9000 E250 BO	rm	angl	MSE250BO	nos	section	7850.000	684.000	MS	E250 BO	6.000000	60.000000	9000.000000	60.000000	684.000000
570364	RM00533	ISA 65 x 45 x 5 x 9000 E250 BO	rm	angl	MSE250BO	nos	section	7850.000	525.000	MS	E250 BO	5.000000	45.000000	9000.000000	65.000000	525.000000
570365	RM00534	ISA 65 x 65 x 6 x 9000 E250 BO	rm	angl	MSE250BO	nos	section	7850.000	744.000	MS	E250 BO	6.000000	65.000000	9000.000000	65.000000	744.000000
570405	RM00535	ISA 70 x 45 x 6 x 9000 E250 BO	rm	angl	MSE250BO	nos	section	7850.000	654.000	MS	E250 BO	6.000000	45.000000	9000.000000	70.000000	654.000000
570452	RM00536	ISA 75 x 50 x 6 x 9000 E250 BO	rm	angl	MSE250BO	nos	section	7850.000	714.000	MS	E250 BO	6.000000	50.000000	9000.000000	75.000000	714.000000
570453	RM00537	ISA 75 x 75 x 6 x 9000 E250 BO	rm	angl	MSE250BO	nos	section	7850.000	864.000	MS	E250 BO	6.000000	75.000000	9000.000000	75.000000	864.000000
570532	RM00538	ISA 80 x 50 x 6 x 9000 E250 BO	rm	angl	MSE250BO	nos	section	7850.000	744.000	MS	E250 BO	6.000000	50.000000	9000.000000	80.000000	744.000000
570533	RM00539	ISA 80 x 80 x 8 x 9000 E250 BO	rm	angl	MSE250BO	nos	section	7850.000	1216.000	MS	E250 BO	8.000000	80.000000	9000.000000	80.000000	1216.000000
570587	RM00540	ISA 90 x 60 x 6 x 9000 E250 BO	rm	angl	MSE250BO	nos	section	7850.000	864.000	MS	E250 BO	6.000000	60.000000	9000.000000	90.000000	864.000000
570588	RM00541	ISA 90 x 60 x 8 x 9000 E250 BO	rm	angl	MSE250BO	nos	section	7850.000	1136.000	MS	E250 BO	8.000000	60.000000	9000.000000	90.000000	1136.000000
570589	RM00542	ISA 90 x 90 x 8 x 9000 E250 BO	rm	angl	MSE250BO	nos	section	7850.000	1376.000	MS	E250 BO	8.000000	90.000000	9000.000000	90.000000	1376.000000
570670	RM00543	ISA 100 x 100 x 12 x 10000 E250 BO	rm	angl	MSE250BO	nos	section	7850.000	2256.000	MS	E250 BO	12.000000	100.000000	10000.000000	100.000000	2256.000000
570830	RM00544	ISA 130 x 130 x 12 x 10000 E250 BO	rm	angl	MSE250BO	nos	section	7850.000	2976.000	MS	E250 BO	12.000000	130.000000	10000.000000	130.000000	2976.000000
571070	RM00545	ISA 200 x 200 x 12 x 10000 E250 BO	rm	angl	MSE250BO	nos	section	7850.000	4656.000	MS	E250 BO	12.000000	200.000000	10000.000000	200.000000	4656.000000
570831	RM00546	ISA 130 x 130 x 10 x 10000 E250 BO	rm	angl	MSE250BO	nos	section	7850.000	2500.000	MS	E250 BO	10.000000	130.000000	10000.000000	130.000000	2500.000000
570832	RM00547	ISA 130 x 130 x 15 x 10000 E250 BO	rm	angl	MSE250BO	nos	section	7850.000	3675.000	MS	E250 BO	15.000000	130.000000	10000.000000	130.000000	3675.000000
571071	RM00548	ISA 200 x 200 x 25 x 10000 E250 BO	rm	angl	MSE250BO	nos	section	7850.000	9375.000	MS	E250 BO	25.000000	200.000000	10000.000000	200.000000	9375.000000
570926	RM00549	ISA 150 x 150 x 12 x 10000 E250 BO	rm	angl	MSE250BO	nos	section	7850.000	3456.000	MS	E250 BO	12.000000	150.000000	10000.000000	150.000000	3456.000000
570454	RM00550	ISA 75 x 75 x 10 x 10000 E250 BO	rm	angl	MSE250BO	nos	section	7850.000	1400.000	MS	E250 BO	10.000000	75.000000	10000.000000	75.000000	1400.000000
570671	RM00551	ISA 100 x 100 x 10 x 10000 E250 BO	rm	angl	MSE250BO	nos	section	7850.000	1900.000	MS	E250 BO	10.000000	100.000000	10000.000000	100.000000	1900.000000
570927	RM00552	ISA 150 x 150 x 10 x 10000 E250 BO	rm	angl	MSE250BO	nos	section	7850.000	2900.000	MS	E250 BO	10.000000	150.000000	10000.000000	150.000000	2900.000000
570928	RM00553	ISA 150 x 150 x 15 x 10000 E250 BO	rm	angl	MSE250BO	nos	section	7850.000	4275.000	MS	E250 BO	15.000000	150.000000	10000.000000	150.000000	4275.000000
570929	RM00554	ISA 150 x 150 x 16 x 10000 E250 BO	rm	angl	MSE250BO	nos	section	7850.000	4544.000	MS	E250 BO	16.000000	150.000000	10000.000000	150.000000	4544.000000
570455	RM00555	ISA 75 x 75 x 8 x 10000 E250 BO	rm	angl	MSE250BO	nos	section	7850.000	1136.000	MS	E250 BO	8.000000	75.000000	10000.000000	75.000000	1136.000000
570672	RM00556	ISA 100 x 65 x 8 x 10000 E250 BO	rm	angl	MSE250BO	nos	section	7850.000	1256.000	MS	E250 BO	8.000000	65.000000	10000.000000	100.000000	1256.000000
570673	RM00557	ISA 100 x 75 x 8 x 10000 E250 BO	rm	angl	MSE250BO	nos	section	7850.000	1336.000	MS	E250 BO	8.000000	75.000000	10000.000000	100.000000	1336.000000
570742	RM00558	ISA 110 x 110 x 10 x 10000 E250 BO	rm	angl	MSE250BO	nos	section	7850.000	2100.000	MS	E250 BO	10.000000	110.000000	10000.000000	110.000000	2100.000000
570774	RM00559	ISA 125 x 75 x 8 x 10000 E250 BO	rm	angl	MSE250BO	nos	section	7850.000	1536.000	MS	E250 BO	8.000000	75.000000	10000.000000	125.000000	1536.000000
570775	RM00560	ISA 125 x 95 x 10 x 10000 E250 BO	rm	angl	MSE250BO	nos	section	7850.000	2100.000	MS	E250 BO	10.000000	95.000000	10000.000000	125.000000	2100.000000
570930	RM00561	ISA 150 x 115 x 10 x 10000 E250 BO	rm	angl	MSE250BO	nos	section	7850.000	2550.000	MS	E250 BO	10.000000	115.000000	10000.000000	150.000000	2550.000000
570931	RM00562	ISA 150 x 75 x 10 x 10000 E250 BO	rm	angl	MSE250BO	nos	section	7850.000	2150.000	MS	E250 BO	10.000000	75.000000	10000.000000	150.000000	2150.000000
570070	RM00563	ISA 20 x 20 x 3 x 10000 E250 BO	rm	angl	MSE250BO	nos	section	7850.000	111.000	MS	E250 BO	3.000000	20.000000	10000.000000	20.000000	111.000000
571072	RM00564	ISA 200 x 100 x 10 x 10000 E250 BO	rm	angl	MSE250BO	nos	section	7850.000	2900.000	MS	E250 BO	10.000000	100.000000	10000.000000	200.000000	2900.000000
571073	RM00565	ISA 200 x 150 x 12 x 10000 E250 BO	rm	angl	MSE250BO	nos	section	7850.000	4056.000	MS	E250 BO	12.000000	150.000000	10000.000000	200.000000	4056.000000
571074	RM00566	ISA 200 x 200 x 15 x 10000 E250 BO	rm	angl	MSE250BO	nos	section	7850.000	5775.000	MS	E250 BO	15.000000	200.000000	10000.000000	200.000000	5775.000000
571075	RM00567	ISA 200 x 200 x 18 x 10000 E250 BO	rm	angl	MSE250BO	nos	section	7850.000	6876.000	MS	E250 BO	18.000000	200.000000	10000.000000	200.000000	6876.000000
570094	RM00568	ISA 25 x 25 x 3 x 10000 E250 BO	rm	angl	MSE250BO	nos	section	7850.000	141.000	MS	E250 BO	3.000000	25.000000	10000.000000	25.000000	141.000000
570126	RM00569	ISA 30 x 20 x 3 x 10000 E250 BO	rm	angl	MSE250BO	nos	section	7850.000	141.000	MS	E250 BO	3.000000	20.000000	10000.000000	30.000000	141.000000
570127	RM00570	ISA 30 x 30 x 3 x 10000 E250 BO	rm	angl	MSE250BO	nos	section	7850.000	171.000	MS	E250 BO	3.000000	30.000000	10000.000000	30.000000	171.000000
570166	RM00571	ISA 35 x 35 x 5 x 10000 E250 BO	rm	angl	MSE250BO	nos	section	7850.000	325.000	MS	E250 BO	5.000000	35.000000	10000.000000	35.000000	325.000000
570198	RM00572	ISA 40 x 25 x 4 x 10000 E250 BO	rm	angl	MSE250BO	nos	section	7850.000	244.000	MS	E250 BO	4.000000	25.000000	10000.000000	40.000000	244.000000
570199	RM00573	ISA 40 x 40 x 5 x 10000 E250 BO	rm	angl	MSE250BO	nos	section	7850.000	375.000	MS	E250 BO	5.000000	40.000000	10000.000000	40.000000	375.000000
570238	RM00574	ISA 45 x 30 x 4 x 10000 E250 BO	rm	angl	MSE250BO	nos	section	7850.000	284.000	MS	E250 BO	4.000000	30.000000	10000.000000	45.000000	284.000000
570270	RM00575	ISA 50 x 30 x 5 x 10000 E250 BO	rm	angl	MSE250BO	nos	section	7850.000	375.000	MS	E250 BO	5.000000	30.000000	10000.000000	50.000000	375.000000
570271	RM00576	ISA 50 x 50 x 6 x 10000 E250 BO	rm	angl	MSE250BO	nos	section	7850.000	564.000	MS	E250 BO	6.000000	50.000000	10000.000000	50.000000	564.000000
570318	RM00577	ISA 60 x 40 x 5 x 10000 E250 BO	rm	angl	MSE250BO	nos	section	7850.000	475.000	MS	E250 BO	5.000000	40.000000	10000.000000	60.000000	475.000000
570319	RM00578	ISA 60 x 60 x 6 x 10000 E250 BO	rm	angl	MSE250BO	nos	section	7850.000	684.000	MS	E250 BO	6.000000	60.000000	10000.000000	60.000000	684.000000
570366	RM00579	ISA 65 x 45 x 5 x 10000 E250 BO	rm	angl	MSE250BO	nos	section	7850.000	525.000	MS	E250 BO	5.000000	45.000000	10000.000000	65.000000	525.000000
570367	RM00580	ISA 65 x 65 x 6 x 10000 E250 BO	rm	angl	MSE250BO	nos	section	7850.000	744.000	MS	E250 BO	6.000000	65.000000	10000.000000	65.000000	744.000000
570406	RM00581	ISA 70 x 45 x 6 x 10000 E250 BO	rm	angl	MSE250BO	nos	section	7850.000	654.000	MS	E250 BO	6.000000	45.000000	10000.000000	70.000000	654.000000
570456	RM00582	ISA 75 x 50 x 6 x 10000 E250 BO	rm	angl	MSE250BO	nos	section	7850.000	714.000	MS	E250 BO	6.000000	50.000000	10000.000000	75.000000	714.000000
570457	RM00583	ISA 75 x 75 x 6 x 10000 E250 BO	rm	angl	MSE250BO	nos	section	7850.000	864.000	MS	E250 BO	6.000000	75.000000	10000.000000	75.000000	864.000000
570534	RM00584	ISA 80 x 50 x 6 x 10000 E250 BO	rm	angl	MSE250BO	nos	section	7850.000	744.000	MS	E250 BO	6.000000	50.000000	10000.000000	80.000000	744.000000
570535	RM00585	ISA 80 x 80 x 8 x 10000 E250 BO	rm	angl	MSE250BO	nos	section	7850.000	1216.000	MS	E250 BO	8.000000	80.000000	10000.000000	80.000000	1216.000000
570590	RM00586	ISA 90 x 60 x 6 x 10000 E250 BO	rm	angl	MSE250BO	nos	section	7850.000	864.000	MS	E250 BO	6.000000	60.000000	10000.000000	90.000000	864.000000
570591	RM00587	ISA 90 x 60 x 8 x 10000 E250 BO	rm	angl	MSE250BO	nos	section	7850.000	1136.000	MS	E250 BO	8.000000	60.000000	10000.000000	90.000000	1136.000000
570592	RM00588	ISA 90 x 90 x 8 x 10000 E250 BO	rm	angl	MSE250BO	nos	section	7850.000	1376.000	MS	E250 BO	8.000000	90.000000	10000.000000	90.000000	1376.000000
570674	RM00589	ISA 100 x 100 x 12 x 11000 E250 BO	rm	angl	MSE250BO	nos	section	7850.000	2256.000	MS	E250 BO	12.000000	100.000000	11000.000000	100.000000	2256.000000
570833	RM00590	ISA 130 x 130 x 12 x 11000 E250 BO	rm	angl	MSE250BO	nos	section	7850.000	2976.000	MS	E250 BO	12.000000	130.000000	11000.000000	130.000000	2976.000000
571076	RM00591	ISA 200 x 200 x 12 x 11000 E250 BO	rm	angl	MSE250BO	nos	section	7850.000	4656.000	MS	E250 BO	12.000000	200.000000	11000.000000	200.000000	4656.000000
570834	RM00592	ISA 130 x 130 x 10 x 11000 E250 BO	rm	angl	MSE250BO	nos	section	7850.000	2500.000	MS	E250 BO	10.000000	130.000000	11000.000000	130.000000	2500.000000
570835	RM00593	ISA 130 x 130 x 15 x 11000 E250 BO	rm	angl	MSE250BO	nos	section	7850.000	3675.000	MS	E250 BO	15.000000	130.000000	11000.000000	130.000000	3675.000000
571077	RM00594	ISA 200 x 200 x 25 x 11000 E250 BO	rm	angl	MSE250BO	nos	section	7850.000	9375.000	MS	E250 BO	25.000000	200.000000	11000.000000	200.000000	9375.000000
570932	RM00595	ISA 150 x 150 x 12 x 11000 E250 BO	rm	angl	MSE250BO	nos	section	7850.000	3456.000	MS	E250 BO	12.000000	150.000000	11000.000000	150.000000	3456.000000
570458	RM00596	ISA 75 x 75 x 10 x 11000 E250 BO	rm	angl	MSE250BO	nos	section	7850.000	1400.000	MS	E250 BO	10.000000	75.000000	11000.000000	75.000000	1400.000000
570675	RM00597	ISA 100 x 100 x 10 x 11000 E250 BO	rm	angl	MSE250BO	nos	section	7850.000	1900.000	MS	E250 BO	10.000000	100.000000	11000.000000	100.000000	1900.000000
570933	RM00598	ISA 150 x 150 x 10 x 11000 E250 BO	rm	angl	MSE250BO	nos	section	7850.000	2900.000	MS	E250 BO	10.000000	150.000000	11000.000000	150.000000	2900.000000
570934	RM00599	ISA 150 x 150 x 15 x 11000 E250 BO	rm	angl	MSE250BO	nos	section	7850.000	4275.000	MS	E250 BO	15.000000	150.000000	11000.000000	150.000000	4275.000000
570935	RM00600	ISA 150 x 150 x 16 x 11000 E250 BO	rm	angl	MSE250BO	nos	section	7850.000	4544.000	MS	E250 BO	16.000000	150.000000	11000.000000	150.000000	4544.000000
570459	RM00601	ISA 75 x 75 x 8 x 11000 E250 BO	rm	angl	MSE250BO	nos	section	7850.000	1136.000	MS	E250 BO	8.000000	75.000000	11000.000000	75.000000	1136.000000
570676	RM00602	ISA 100 x 65 x 8 x 11000 E250 BO	rm	angl	MSE250BO	nos	section	7850.000	1256.000	MS	E250 BO	8.000000	65.000000	11000.000000	100.000000	1256.000000
570677	RM00603	ISA 100 x 75 x 8 x 11000 E250 BO	rm	angl	MSE250BO	nos	section	7850.000	1336.000	MS	E250 BO	8.000000	75.000000	11000.000000	100.000000	1336.000000
570743	RM00604	ISA 110 x 110 x 10 x 11000 E250 BO	rm	angl	MSE250BO	nos	section	7850.000	2100.000	MS	E250 BO	10.000000	110.000000	11000.000000	110.000000	2100.000000
570776	RM00605	ISA 125 x 75 x 8 x 11000 E250 BO	rm	angl	MSE250BO	nos	section	7850.000	1536.000	MS	E250 BO	8.000000	75.000000	11000.000000	125.000000	1536.000000
570777	RM00606	ISA 125 x 95 x 10 x 11000 E250 BO	rm	angl	MSE250BO	nos	section	7850.000	2100.000	MS	E250 BO	10.000000	95.000000	11000.000000	125.000000	2100.000000
570936	RM00607	ISA 150 x 115 x 10 x 11000 E250 BO	rm	angl	MSE250BO	nos	section	7850.000	2550.000	MS	E250 BO	10.000000	115.000000	11000.000000	150.000000	2550.000000
570937	RM00608	ISA 150 x 75 x 10 x 11000 E250 BO	rm	angl	MSE250BO	nos	section	7850.000	2150.000	MS	E250 BO	10.000000	75.000000	11000.000000	150.000000	2150.000000
570071	RM00609	ISA 20 x 20 x 3 x 11000 E250 BO	rm	angl	MSE250BO	nos	section	7850.000	111.000	MS	E250 BO	3.000000	20.000000	11000.000000	20.000000	111.000000
571078	RM00610	ISA 200 x 100 x 10 x 11000 E250 BO	rm	angl	MSE250BO	nos	section	7850.000	2900.000	MS	E250 BO	10.000000	100.000000	11000.000000	200.000000	2900.000000
571079	RM00611	ISA 200 x 150 x 12 x 11000 E250 BO	rm	angl	MSE250BO	nos	section	7850.000	4056.000	MS	E250 BO	12.000000	150.000000	11000.000000	200.000000	4056.000000
571080	RM00612	ISA 200 x 200 x 15 x 11000 E250 BO	rm	angl	MSE250BO	nos	section	7850.000	5775.000	MS	E250 BO	15.000000	200.000000	11000.000000	200.000000	5775.000000
571081	RM00613	ISA 200 x 200 x 18 x 11000 E250 BO	rm	angl	MSE250BO	nos	section	7850.000	6876.000	MS	E250 BO	18.000000	200.000000	11000.000000	200.000000	6876.000000
570095	RM00614	ISA 25 x 25 x 3 x 11000 E250 BO	rm	angl	MSE250BO	nos	section	7850.000	141.000	MS	E250 BO	3.000000	25.000000	11000.000000	25.000000	141.000000
570128	RM00615	ISA 30 x 20 x 3 x 11000 E250 BO	rm	angl	MSE250BO	nos	section	7850.000	141.000	MS	E250 BO	3.000000	20.000000	11000.000000	30.000000	141.000000
570129	RM00616	ISA 30 x 30 x 3 x 11000 E250 BO	rm	angl	MSE250BO	nos	section	7850.000	171.000	MS	E250 BO	3.000000	30.000000	11000.000000	30.000000	171.000000
570167	RM00617	ISA 35 x 35 x 5 x 11000 E250 BO	rm	angl	MSE250BO	nos	section	7850.000	325.000	MS	E250 BO	5.000000	35.000000	11000.000000	35.000000	325.000000
570200	RM00618	ISA 40 x 25 x 4 x 11000 E250 BO	rm	angl	MSE250BO	nos	section	7850.000	244.000	MS	E250 BO	4.000000	25.000000	11000.000000	40.000000	244.000000
570201	RM00619	ISA 40 x 40 x 5 x 11000 E250 BO	rm	angl	MSE250BO	nos	section	7850.000	375.000	MS	E250 BO	5.000000	40.000000	11000.000000	40.000000	375.000000
570239	RM00620	ISA 45 x 30 x 4 x 11000 E250 BO	rm	angl	MSE250BO	nos	section	7850.000	284.000	MS	E250 BO	4.000000	30.000000	11000.000000	45.000000	284.000000
570272	RM00621	ISA 50 x 30 x 5 x 11000 E250 BO	rm	angl	MSE250BO	nos	section	7850.000	375.000	MS	E250 BO	5.000000	30.000000	11000.000000	50.000000	375.000000
570273	RM00622	ISA 50 x 50 x 6 x 11000 E250 BO	rm	angl	MSE250BO	nos	section	7850.000	564.000	MS	E250 BO	6.000000	50.000000	11000.000000	50.000000	564.000000
570320	RM00623	ISA 60 x 40 x 5 x 11000 E250 BO	rm	angl	MSE250BO	nos	section	7850.000	475.000	MS	E250 BO	5.000000	40.000000	11000.000000	60.000000	475.000000
570321	RM00624	ISA 60 x 60 x 6 x 11000 E250 BO	rm	angl	MSE250BO	nos	section	7850.000	684.000	MS	E250 BO	6.000000	60.000000	11000.000000	60.000000	684.000000
570368	RM00625	ISA 65 x 45 x 5 x 11000 E250 BO	rm	angl	MSE250BO	nos	section	7850.000	525.000	MS	E250 BO	5.000000	45.000000	11000.000000	65.000000	525.000000
570369	RM00626	ISA 65 x 65 x 6 x 11000 E250 BO	rm	angl	MSE250BO	nos	section	7850.000	744.000	MS	E250 BO	6.000000	65.000000	11000.000000	65.000000	744.000000
570407	RM00627	ISA 70 x 45 x 6 x 11000 E250 BO	rm	angl	MSE250BO	nos	section	7850.000	654.000	MS	E250 BO	6.000000	45.000000	11000.000000	70.000000	654.000000
570460	RM00628	ISA 75 x 50 x 6 x 11000 E250 BO	rm	angl	MSE250BO	nos	section	7850.000	714.000	MS	E250 BO	6.000000	50.000000	11000.000000	75.000000	714.000000
570461	RM00629	ISA 75 x 75 x 6 x 11000 E250 BO	rm	angl	MSE250BO	nos	section	7850.000	864.000	MS	E250 BO	6.000000	75.000000	11000.000000	75.000000	864.000000
570536	RM00630	ISA 80 x 50 x 6 x 11000 E250 BO	rm	angl	MSE250BO	nos	section	7850.000	744.000	MS	E250 BO	6.000000	50.000000	11000.000000	80.000000	744.000000
570537	RM00631	ISA 80 x 80 x 8 x 11000 E250 BO	rm	angl	MSE250BO	nos	section	7850.000	1216.000	MS	E250 BO	8.000000	80.000000	11000.000000	80.000000	1216.000000
570593	RM00632	ISA 90 x 60 x 6 x 11000 E250 BO	rm	angl	MSE250BO	nos	section	7850.000	864.000	MS	E250 BO	6.000000	60.000000	11000.000000	90.000000	864.000000
570594	RM00633	ISA 90 x 60 x 8 x 11000 E250 BO	rm	angl	MSE250BO	nos	section	7850.000	1136.000	MS	E250 BO	8.000000	60.000000	11000.000000	90.000000	1136.000000
570595	RM00634	ISA 90 x 90 x 8 x 11000 E250 BO	rm	angl	MSE250BO	nos	section	7850.000	1376.000	MS	E250 BO	8.000000	90.000000	11000.000000	90.000000	1376.000000
570678	RM00635	ISA 100 x 100 x 12 x 11500 E250 BO	rm	angl	MSE250BO	nos	section	7850.000	2256.000	MS	E250 BO	12.000000	100.000000	11500.000000	100.000000	2256.000000
570836	RM00636	ISA 130 x 130 x 12 x 11500 E250 BO	rm	angl	MSE250BO	nos	section	7850.000	2976.000	MS	E250 BO	12.000000	130.000000	11500.000000	130.000000	2976.000000
571082	RM00637	ISA 200 x 200 x 12 x 11500 E250 BO	rm	angl	MSE250BO	nos	section	7850.000	4656.000	MS	E250 BO	12.000000	200.000000	11500.000000	200.000000	4656.000000
570837	RM00638	ISA 130 x 130 x 10 x 11500 E250 BO	rm	angl	MSE250BO	nos	section	7850.000	2500.000	MS	E250 BO	10.000000	130.000000	11500.000000	130.000000	2500.000000
570838	RM00639	ISA 130 x 130 x 15 x 11500 E250 BO	rm	angl	MSE250BO	nos	section	7850.000	3675.000	MS	E250 BO	15.000000	130.000000	11500.000000	130.000000	3675.000000
571083	RM00640	ISA 200 x 200 x 25 x 11500 E250 BO	rm	angl	MSE250BO	nos	section	7850.000	9375.000	MS	E250 BO	25.000000	200.000000	11500.000000	200.000000	9375.000000
570938	RM00641	ISA 150 x 150 x 12 x 11500 E250 BO	rm	angl	MSE250BO	nos	section	7850.000	3456.000	MS	E250 BO	12.000000	150.000000	11500.000000	150.000000	3456.000000
570462	RM00642	ISA 75 x 75 x 10 x 11500 E250 BO	rm	angl	MSE250BO	nos	section	7850.000	1400.000	MS	E250 BO	10.000000	75.000000	11500.000000	75.000000	1400.000000
570679	RM00643	ISA 100 x 100 x 10 x 11500 E250 BO	rm	angl	MSE250BO	nos	section	7850.000	1900.000	MS	E250 BO	10.000000	100.000000	11500.000000	100.000000	1900.000000
570939	RM00644	ISA 150 x 150 x 10 x 11500 E250 BO	rm	angl	MSE250BO	nos	section	7850.000	2900.000	MS	E250 BO	10.000000	150.000000	11500.000000	150.000000	2900.000000
570940	RM00645	ISA 150 x 150 x 15 x 11500 E250 BO	rm	angl	MSE250BO	nos	section	7850.000	4275.000	MS	E250 BO	15.000000	150.000000	11500.000000	150.000000	4275.000000
570941	RM00646	ISA 150 x 150 x 16 x 11500 E250 BO	rm	angl	MSE250BO	nos	section	7850.000	4544.000	MS	E250 BO	16.000000	150.000000	11500.000000	150.000000	4544.000000
570463	RM00647	ISA 75 x 75 x 8 x 11500 E250 BO	rm	angl	MSE250BO	nos	section	7850.000	1136.000	MS	E250 BO	8.000000	75.000000	11500.000000	75.000000	1136.000000
570680	RM00648	ISA 100 x 65 x 8 x 11500 E250 BO	rm	angl	MSE250BO	nos	section	7850.000	1256.000	MS	E250 BO	8.000000	65.000000	11500.000000	100.000000	1256.000000
570681	RM00649	ISA 100 x 75 x 8 x 11500 E250 BO	rm	angl	MSE250BO	nos	section	7850.000	1336.000	MS	E250 BO	8.000000	75.000000	11500.000000	100.000000	1336.000000
570744	RM00650	ISA 110 x 110 x 10 x 11500 E250 BO	rm	angl	MSE250BO	nos	section	7850.000	2100.000	MS	E250 BO	10.000000	110.000000	11500.000000	110.000000	2100.000000
570778	RM00651	ISA 125 x 75 x 8 x 11500 E250 BO	rm	angl	MSE250BO	nos	section	7850.000	1536.000	MS	E250 BO	8.000000	75.000000	11500.000000	125.000000	1536.000000
570779	RM00652	ISA 125 x 95 x 10 x 11500 E250 BO	rm	angl	MSE250BO	nos	section	7850.000	2100.000	MS	E250 BO	10.000000	95.000000	11500.000000	125.000000	2100.000000
570942	RM00653	ISA 150 x 115 x 10 x 11500 E250 BO	rm	angl	MSE250BO	nos	section	7850.000	2550.000	MS	E250 BO	10.000000	115.000000	11500.000000	150.000000	2550.000000
570943	RM00654	ISA 150 x 75 x 10 x 11500 E250 BO	rm	angl	MSE250BO	nos	section	7850.000	2150.000	MS	E250 BO	10.000000	75.000000	11500.000000	150.000000	2150.000000
570072	RM00655	ISA 20 x 20 x 3 x 11500 E250 BO	rm	angl	MSE250BO	nos	section	7850.000	111.000	MS	E250 BO	3.000000	20.000000	11500.000000	20.000000	111.000000
571084	RM00656	ISA 200 x 100 x 10 x 11500 E250 BO	rm	angl	MSE250BO	nos	section	7850.000	2900.000	MS	E250 BO	10.000000	100.000000	11500.000000	200.000000	2900.000000
571085	RM00657	ISA 200 x 150 x 12 x 11500 E250 BO	rm	angl	MSE250BO	nos	section	7850.000	4056.000	MS	E250 BO	12.000000	150.000000	11500.000000	200.000000	4056.000000
571086	RM00658	ISA 200 x 200 x 15 x 11500 E250 BO	rm	angl	MSE250BO	nos	section	7850.000	5775.000	MS	E250 BO	15.000000	200.000000	11500.000000	200.000000	5775.000000
571087	RM00659	ISA 200 x 200 x 18 x 11500 E250 BO	rm	angl	MSE250BO	nos	section	7850.000	6876.000	MS	E250 BO	18.000000	200.000000	11500.000000	200.000000	6876.000000
570096	RM00660	ISA 25 x 25 x 3 x 11500 E250 BO	rm	angl	MSE250BO	nos	section	7850.000	141.000	MS	E250 BO	3.000000	25.000000	11500.000000	25.000000	141.000000
570130	RM00661	ISA 30 x 20 x 3 x 11500 E250 BO	rm	angl	MSE250BO	nos	section	7850.000	141.000	MS	E250 BO	3.000000	20.000000	11500.000000	30.000000	141.000000
570131	RM00662	ISA 30 x 30 x 3 x 11500 E250 BO	rm	angl	MSE250BO	nos	section	7850.000	171.000	MS	E250 BO	3.000000	30.000000	11500.000000	30.000000	171.000000
570168	RM00663	ISA 35 x 35 x 5 x 11500 E250 BO	rm	angl	MSE250BO	nos	section	7850.000	325.000	MS	E250 BO	5.000000	35.000000	11500.000000	35.000000	325.000000
570202	RM00664	ISA 40 x 25 x 4 x 11500 E250 BO	rm	angl	MSE250BO	nos	section	7850.000	244.000	MS	E250 BO	4.000000	25.000000	11500.000000	40.000000	244.000000
570203	RM00665	ISA 40 x 40 x 5 x 11500 E250 BO	rm	angl	MSE250BO	nos	section	7850.000	375.000	MS	E250 BO	5.000000	40.000000	11500.000000	40.000000	375.000000
570240	RM00666	ISA 45 x 30 x 4 x 11500 E250 BO	rm	angl	MSE250BO	nos	section	7850.000	284.000	MS	E250 BO	4.000000	30.000000	11500.000000	45.000000	284.000000
570274	RM00667	ISA 50 x 30 x 5 x 11500 E250 BO	rm	angl	MSE250BO	nos	section	7850.000	375.000	MS	E250 BO	5.000000	30.000000	11500.000000	50.000000	375.000000
570275	RM00668	ISA 50 x 50 x 6 x 11500 E250 BO	rm	angl	MSE250BO	nos	section	7850.000	564.000	MS	E250 BO	6.000000	50.000000	11500.000000	50.000000	564.000000
570322	RM00669	ISA 60 x 40 x 5 x 11500 E250 BO	rm	angl	MSE250BO	nos	section	7850.000	475.000	MS	E250 BO	5.000000	40.000000	11500.000000	60.000000	475.000000
570323	RM00670	ISA 60 x 60 x 6 x 11500 E250 BO	rm	angl	MSE250BO	nos	section	7850.000	684.000	MS	E250 BO	6.000000	60.000000	11500.000000	60.000000	684.000000
570370	RM00671	ISA 65 x 45 x 5 x 11500 E250 BO	rm	angl	MSE250BO	nos	section	7850.000	525.000	MS	E250 BO	5.000000	45.000000	11500.000000	65.000000	525.000000
570371	RM00672	ISA 65 x 65 x 6 x 11500 E250 BO	rm	angl	MSE250BO	nos	section	7850.000	744.000	MS	E250 BO	6.000000	65.000000	11500.000000	65.000000	744.000000
570408	RM00673	ISA 70 x 45 x 6 x 11500 E250 BO	rm	angl	MSE250BO	nos	section	7850.000	654.000	MS	E250 BO	6.000000	45.000000	11500.000000	70.000000	654.000000
570464	RM00674	ISA 75 x 50 x 6 x 11500 E250 BO	rm	angl	MSE250BO	nos	section	7850.000	714.000	MS	E250 BO	6.000000	50.000000	11500.000000	75.000000	714.000000
570465	RM00675	ISA 75 x 75 x 6 x 11500 E250 BO	rm	angl	MSE250BO	nos	section	7850.000	864.000	MS	E250 BO	6.000000	75.000000	11500.000000	75.000000	864.000000
570538	RM00676	ISA 80 x 50 x 6 x 11500 E250 BO	rm	angl	MSE250BO	nos	section	7850.000	744.000	MS	E250 BO	6.000000	50.000000	11500.000000	80.000000	744.000000
570539	RM00677	ISA 80 x 80 x 8 x 11500 E250 BO	rm	angl	MSE250BO	nos	section	7850.000	1216.000	MS	E250 BO	8.000000	80.000000	11500.000000	80.000000	1216.000000
570596	RM00678	ISA 90 x 60 x 6 x 11500 E250 BO	rm	angl	MSE250BO	nos	section	7850.000	864.000	MS	E250 BO	6.000000	60.000000	11500.000000	90.000000	864.000000
570597	RM00679	ISA 90 x 60 x 8 x 11500 E250 BO	rm	angl	MSE250BO	nos	section	7850.000	1136.000	MS	E250 BO	8.000000	60.000000	11500.000000	90.000000	1136.000000
570598	RM00680	ISA 90 x 90 x 8 x 11500 E250 BO	rm	angl	MSE250BO	nos	section	7850.000	1376.000	MS	E250 BO	8.000000	90.000000	11500.000000	90.000000	1376.000000
570682	RM00681	ISA 100 x 100 x 12 x 12000 E250 BO	rm	angl	MSE250BO	nos	section	7850.000	2256.000	MS	E250 BO	12.000000	100.000000	12000.000000	100.000000	2256.000000
570839	RM00682	ISA 130 x 130 x 12 x 12000 E250 BO	rm	angl	MSE250BO	nos	section	7850.000	2976.000	MS	E250 BO	12.000000	130.000000	12000.000000	130.000000	2976.000000
571088	RM00683	ISA 200 x 200 x 12 x 12000 E250 BO	rm	angl	MSE250BO	nos	section	7850.000	4656.000	MS	E250 BO	12.000000	200.000000	12000.000000	200.000000	4656.000000
570840	RM00684	ISA 130 x 130 x 10 x 12000 E250 BO	rm	angl	MSE250BO	nos	section	7850.000	2500.000	MS	E250 BO	10.000000	130.000000	12000.000000	130.000000	2500.000000
570841	RM00685	ISA 130 x 130 x 15 x 12000 E250 BO	rm	angl	MSE250BO	nos	section	7850.000	3675.000	MS	E250 BO	15.000000	130.000000	12000.000000	130.000000	3675.000000
571089	RM00686	ISA 200 x 200 x 25 x 12000 E250 BO	rm	angl	MSE250BO	nos	section	7850.000	9375.000	MS	E250 BO	25.000000	200.000000	12000.000000	200.000000	9375.000000
570944	RM00687	ISA 150 x 150 x 12 x 12000 E250 BO	rm	angl	MSE250BO	nos	section	7850.000	3456.000	MS	E250 BO	12.000000	150.000000	12000.000000	150.000000	3456.000000
570466	RM00688	ISA 75 x 75 x 10 x 12000 E250 BO	rm	angl	MSE250BO	nos	section	7850.000	1400.000	MS	E250 BO	10.000000	75.000000	12000.000000	75.000000	1400.000000
570683	RM00689	ISA 100 x 100 x 10 x 12000 E250 BO	rm	angl	MSE250BO	nos	section	7850.000	1900.000	MS	E250 BO	10.000000	100.000000	12000.000000	100.000000	1900.000000
570945	RM00690	ISA 150 x 150 x 10 x 12000 E250 BO	rm	angl	MSE250BO	nos	section	7850.000	2900.000	MS	E250 BO	10.000000	150.000000	12000.000000	150.000000	2900.000000
570946	RM00691	ISA 150 x 150 x 15 x 12000 E250 BO	rm	angl	MSE250BO	nos	section	7850.000	4275.000	MS	E250 BO	15.000000	150.000000	12000.000000	150.000000	4275.000000
570947	RM00692	ISA 150 x 150 x 16 x 12000 E250 BO	rm	angl	MSE250BO	nos	section	7850.000	4544.000	MS	E250 BO	16.000000	150.000000	12000.000000	150.000000	4544.000000
570467	RM00693	ISA 75 x 75 x 8 x 12000 E250 BO	rm	angl	MSE250BO	nos	section	7850.000	1136.000	MS	E250 BO	8.000000	75.000000	12000.000000	75.000000	1136.000000
570684	RM00694	ISA 100 x 65 x 8 x 12000 E250 BO	rm	angl	MSE250BO	nos	section	7850.000	1256.000	MS	E250 BO	8.000000	65.000000	12000.000000	100.000000	1256.000000
570685	RM00695	ISA 100 x 75 x 8 x 12000 E250 BO	rm	angl	MSE250BO	nos	section	7850.000	1336.000	MS	E250 BO	8.000000	75.000000	12000.000000	100.000000	1336.000000
570745	RM00696	ISA 110 x 110 x 10 x 12000 E250 BO	rm	angl	MSE250BO	nos	section	7850.000	2100.000	MS	E250 BO	10.000000	110.000000	12000.000000	110.000000	2100.000000
570780	RM00697	ISA 125 x 75 x 8 x 12000 E250 BO	rm	angl	MSE250BO	nos	section	7850.000	1536.000	MS	E250 BO	8.000000	75.000000	12000.000000	125.000000	1536.000000
570781	RM00698	ISA 125 x 95 x 10 x 12000 E250 BO	rm	angl	MSE250BO	nos	section	7850.000	2100.000	MS	E250 BO	10.000000	95.000000	12000.000000	125.000000	2100.000000
570948	RM00699	ISA 150 x 115 x 10 x 12000 E250 BO	rm	angl	MSE250BO	nos	section	7850.000	2550.000	MS	E250 BO	10.000000	115.000000	12000.000000	150.000000	2550.000000
570949	RM00700	ISA 150 x 75 x 10 x 12000 E250 BO	rm	angl	MSE250BO	nos	section	7850.000	2150.000	MS	E250 BO	10.000000	75.000000	12000.000000	150.000000	2150.000000
570073	RM00701	ISA 20 x 20 x 3 x 12000 E250 BO	rm	angl	MSE250BO	nos	section	7850.000	111.000	MS	E250 BO	3.000000	20.000000	12000.000000	20.000000	111.000000
571090	RM00702	ISA 200 x 100 x 10 x 12000 E250 BO	rm	angl	MSE250BO	nos	section	7850.000	2900.000	MS	E250 BO	10.000000	100.000000	12000.000000	200.000000	2900.000000
571091	RM00703	ISA 200 x 150 x 12 x 12000 E250 BO	rm	angl	MSE250BO	nos	section	7850.000	4056.000	MS	E250 BO	12.000000	150.000000	12000.000000	200.000000	4056.000000
571092	RM00704	ISA 200 x 200 x 15 x 12000 E250 BO	rm	angl	MSE250BO	nos	section	7850.000	5775.000	MS	E250 BO	15.000000	200.000000	12000.000000	200.000000	5775.000000
571093	RM00705	ISA 200 x 200 x 18 x 12000 E250 BO	rm	angl	MSE250BO	nos	section	7850.000	6876.000	MS	E250 BO	18.000000	200.000000	12000.000000	200.000000	6876.000000
570097	RM00706	ISA 25 x 25 x 3 x 12000 E250 BO	rm	angl	MSE250BO	nos	section	7850.000	141.000	MS	E250 BO	3.000000	25.000000	12000.000000	25.000000	141.000000
570132	RM00707	ISA 30 x 20 x 3 x 12000 E250 BO	rm	angl	MSE250BO	nos	section	7850.000	141.000	MS	E250 BO	3.000000	20.000000	12000.000000	30.000000	141.000000
570133	RM00708	ISA 30 x 30 x 3 x 12000 E250 BO	rm	angl	MSE250BO	nos	section	7850.000	171.000	MS	E250 BO	3.000000	30.000000	12000.000000	30.000000	171.000000
570169	RM00709	ISA 35 x 35 x 5 x 12000 E250 BO	rm	angl	MSE250BO	nos	section	7850.000	325.000	MS	E250 BO	5.000000	35.000000	12000.000000	35.000000	325.000000
570204	RM00710	ISA 40 x 25 x 4 x 12000 E250 BO	rm	angl	MSE250BO	nos	section	7850.000	244.000	MS	E250 BO	4.000000	25.000000	12000.000000	40.000000	244.000000
570205	RM00711	ISA 40 x 40 x 5 x 12000 E250 BO	rm	angl	MSE250BO	nos	section	7850.000	375.000	MS	E250 BO	5.000000	40.000000	12000.000000	40.000000	375.000000
570241	RM00712	ISA 45 x 30 x 4 x 12000 E250 BO	rm	angl	MSE250BO	nos	section	7850.000	284.000	MS	E250 BO	4.000000	30.000000	12000.000000	45.000000	284.000000
570276	RM00713	ISA 50 x 30 x 5 x 12000 E250 BO	rm	angl	MSE250BO	nos	section	7850.000	375.000	MS	E250 BO	5.000000	30.000000	12000.000000	50.000000	375.000000
570277	RM00714	ISA 50 x 50 x 6 x 12000 E250 BO	rm	angl	MSE250BO	nos	section	7850.000	564.000	MS	E250 BO	6.000000	50.000000	12000.000000	50.000000	564.000000
570324	RM00715	ISA 60 x 40 x 5 x 12000 E250 BO	rm	angl	MSE250BO	nos	section	7850.000	475.000	MS	E250 BO	5.000000	40.000000	12000.000000	60.000000	475.000000
570325	RM00716	ISA 60 x 60 x 6 x 12000 E250 BO	rm	angl	MSE250BO	nos	section	7850.000	684.000	MS	E250 BO	6.000000	60.000000	12000.000000	60.000000	684.000000
570372	RM00717	ISA 65 x 45 x 5 x 12000 E250 BO	rm	angl	MSE250BO	nos	section	7850.000	525.000	MS	E250 BO	5.000000	45.000000	12000.000000	65.000000	525.000000
570373	RM00718	ISA 65 x 65 x 6 x 12000 E250 BO	rm	angl	MSE250BO	nos	section	7850.000	744.000	MS	E250 BO	6.000000	65.000000	12000.000000	65.000000	744.000000
570409	RM00719	ISA 70 x 45 x 6 x 12000 E250 BO	rm	angl	MSE250BO	nos	section	7850.000	654.000	MS	E250 BO	6.000000	45.000000	12000.000000	70.000000	654.000000
570468	RM00720	ISA 75 x 50 x 6 x 12000 E250 BO	rm	angl	MSE250BO	nos	section	7850.000	714.000	MS	E250 BO	6.000000	50.000000	12000.000000	75.000000	714.000000
570469	RM00721	ISA 75 x 75 x 6 x 12000 E250 BO	rm	angl	MSE250BO	nos	section	7850.000	864.000	MS	E250 BO	6.000000	75.000000	12000.000000	75.000000	864.000000
570540	RM00722	ISA 80 x 50 x 6 x 12000 E250 BO	rm	angl	MSE250BO	nos	section	7850.000	744.000	MS	E250 BO	6.000000	50.000000	12000.000000	80.000000	744.000000
570541	RM00723	ISA 80 x 80 x 8 x 12000 E250 BO	rm	angl	MSE250BO	nos	section	7850.000	1216.000	MS	E250 BO	8.000000	80.000000	12000.000000	80.000000	1216.000000
570599	RM00724	ISA 90 x 60 x 6 x 12000 E250 BO	rm	angl	MSE250BO	nos	section	7850.000	864.000	MS	E250 BO	6.000000	60.000000	12000.000000	90.000000	864.000000
570600	RM00725	ISA 90 x 60 x 8 x 12000 E250 BO	rm	angl	MSE250BO	nos	section	7850.000	1136.000	MS	E250 BO	8.000000	60.000000	12000.000000	90.000000	1136.000000
570601	RM00726	ISA 90 x 90 x 8 x 12000 E250 BO	rm	angl	MSE250BO	nos	section	7850.000	1376.000	MS	E250 BO	8.000000	90.000000	12000.000000	90.000000	1376.000000
570686	RM00727	ISA 100 x 100 x 12 x 6000 E350 BR	rm	angl	MSE350BR	nos	section	7850.000	2256.000	MS	E350 BR	12.000000	100.000000	6000.000000	100.000000	2256.000000
570842	RM00728	ISA 130 x 130 x 12 x 6000 E350 BR	rm	angl	MSE350BR	nos	section	7850.000	2976.000	MS	E350 BR	12.000000	130.000000	6000.000000	130.000000	2976.000000
571094	RM00729	ISA 200 x 200 x 12 x 6000 E350 BR	rm	angl	MSE350BR	nos	section	7850.000	4656.000	MS	E350 BR	12.000000	200.000000	6000.000000	200.000000	4656.000000
570843	RM00730	ISA 130 x 130 x 10 x 6000 E350 BR	rm	angl	MSE350BR	nos	section	7850.000	2500.000	MS	E350 BR	10.000000	130.000000	6000.000000	130.000000	2500.000000
570844	RM00731	ISA 130 x 130 x 15 x 6000 E350 BR	rm	angl	MSE350BR	nos	section	7850.000	3675.000	MS	E350 BR	15.000000	130.000000	6000.000000	130.000000	3675.000000
571095	RM00732	ISA 200 x 200 x 25 x 6000 E350 BR	rm	angl	MSE350BR	nos	section	7850.000	9375.000	MS	E350 BR	25.000000	200.000000	6000.000000	200.000000	9375.000000
570950	RM00733	ISA 150 x 150 x 12 x 6000 E350 BR	rm	angl	MSE350BR	nos	section	7850.000	3456.000	MS	E350 BR	12.000000	150.000000	6000.000000	150.000000	3456.000000
570470	RM00734	ISA 75 x 75 x 10 x 6000 E350 BR	rm	angl	MSE350BR	nos	section	7850.000	1400.000	MS	E350 BR	10.000000	75.000000	6000.000000	75.000000	1400.000000
570687	RM00735	ISA 100 x 100 x 10 x 6000 E350 BR	rm	angl	MSE350BR	nos	section	7850.000	1900.000	MS	E350 BR	10.000000	100.000000	6000.000000	100.000000	1900.000000
570951	RM00736	ISA 150 x 150 x 10 x 6000 E350 BR	rm	angl	MSE350BR	nos	section	7850.000	2900.000	MS	E350 BR	10.000000	150.000000	6000.000000	150.000000	2900.000000
570952	RM00737	ISA 150 x 150 x 15 x 6000 E350 BR	rm	angl	MSE350BR	nos	section	7850.000	4275.000	MS	E350 BR	15.000000	150.000000	6000.000000	150.000000	4275.000000
570953	RM00738	ISA 150 x 150 x 16 x 6000 E350 BR	rm	angl	MSE350BR	nos	section	7850.000	4544.000	MS	E350 BR	16.000000	150.000000	6000.000000	150.000000	4544.000000
570471	RM00739	ISA 75 x 75 x 8 x 6000 E350 BR	rm	angl	MSE350BR	nos	section	7850.000	1136.000	MS	E350 BR	8.000000	75.000000	6000.000000	75.000000	1136.000000
570688	RM00740	ISA 100 x 65 x 8 x 6000 E350 BR	rm	angl	MSE350BR	nos	section	7850.000	1256.000	MS	E350 BR	8.000000	65.000000	6000.000000	100.000000	1256.000000
570689	RM00741	ISA 100 x 75 x 8 x 6000 E350 BR	rm	angl	MSE350BR	nos	section	7850.000	1336.000	MS	E350 BR	8.000000	75.000000	6000.000000	100.000000	1336.000000
570746	RM00742	ISA 110 x 110 x 10 x 6000 E350 BR	rm	angl	MSE350BR	nos	section	7850.000	2100.000	MS	E350 BR	10.000000	110.000000	6000.000000	110.000000	2100.000000
570782	RM00743	ISA 125 x 75 x 8 x 6000 E350 BR	rm	angl	MSE350BR	nos	section	7850.000	1536.000	MS	E350 BR	8.000000	75.000000	6000.000000	125.000000	1536.000000
570783	RM00744	ISA 125 x 95 x 10 x 6000 E350 BR	rm	angl	MSE350BR	nos	section	7850.000	2100.000	MS	E350 BR	10.000000	95.000000	6000.000000	125.000000	2100.000000
570954	RM00745	ISA 150 x 115 x 10 x 6000 E350 BR	rm	angl	MSE350BR	nos	section	7850.000	2550.000	MS	E350 BR	10.000000	115.000000	6000.000000	150.000000	2550.000000
570955	RM00746	ISA 150 x 75 x 10 x 6000 E350 BR	rm	angl	MSE350BR	nos	section	7850.000	2150.000	MS	E350 BR	10.000000	75.000000	6000.000000	150.000000	2150.000000
570074	RM00747	ISA 20 x 20 x 3 x 6000 E350 BR	rm	angl	MSE350BR	nos	section	7850.000	111.000	MS	E350 BR	3.000000	20.000000	6000.000000	20.000000	111.000000
571096	RM00748	ISA 200 x 100 x 10 x 6000 E350 BR	rm	angl	MSE350BR	nos	section	7850.000	2900.000	MS	E350 BR	10.000000	100.000000	6000.000000	200.000000	2900.000000
571097	RM00749	ISA 200 x 150 x 12 x 6000 E350 BR	rm	angl	MSE350BR	nos	section	7850.000	4056.000	MS	E350 BR	12.000000	150.000000	6000.000000	200.000000	4056.000000
571098	RM00750	ISA 200 x 200 x 15 x 6000 E350 BR	rm	angl	MSE350BR	nos	section	7850.000	5775.000	MS	E350 BR	15.000000	200.000000	6000.000000	200.000000	5775.000000
571099	RM00751	ISA 200 x 200 x 18 x 6000 E350 BR	rm	angl	MSE350BR	nos	section	7850.000	6876.000	MS	E350 BR	18.000000	200.000000	6000.000000	200.000000	6876.000000
570098	RM00752	ISA 25 x 25 x 3 x 6000 E350 BR	rm	angl	MSE350BR	nos	section	7850.000	141.000	MS	E350 BR	3.000000	25.000000	6000.000000	25.000000	141.000000
570134	RM00753	ISA 30 x 20 x 3 x 6000 E350 BR	rm	angl	MSE350BR	nos	section	7850.000	141.000	MS	E350 BR	3.000000	20.000000	6000.000000	30.000000	141.000000
570135	RM00754	ISA 30 x 30 x 3 x 6000 E350 BR	rm	angl	MSE350BR	nos	section	7850.000	171.000	MS	E350 BR	3.000000	30.000000	6000.000000	30.000000	171.000000
570170	RM00755	ISA 35 x 35 x 5 x 6000 E350 BR	rm	angl	MSE350BR	nos	section	7850.000	325.000	MS	E350 BR	5.000000	35.000000	6000.000000	35.000000	325.000000
570206	RM00756	ISA 40 x 25 x 4 x 6000 E350 BR	rm	angl	MSE350BR	nos	section	7850.000	244.000	MS	E350 BR	4.000000	25.000000	6000.000000	40.000000	244.000000
570207	RM00757	ISA 40 x 40 x 5 x 6000 E350 BR	rm	angl	MSE350BR	nos	section	7850.000	375.000	MS	E350 BR	5.000000	40.000000	6000.000000	40.000000	375.000000
570242	RM00758	ISA 45 x 30 x 4 x 6000 E350 BR	rm	angl	MSE350BR	nos	section	7850.000	284.000	MS	E350 BR	4.000000	30.000000	6000.000000	45.000000	284.000000
570278	RM00759	ISA 50 x 30 x 5 x 6000 E350 BR	rm	angl	MSE350BR	nos	section	7850.000	375.000	MS	E350 BR	5.000000	30.000000	6000.000000	50.000000	375.000000
570279	RM00760	ISA 50 x 50 x 6 x 6000 E350 BR	rm	angl	MSE350BR	nos	section	7850.000	564.000	MS	E350 BR	6.000000	50.000000	6000.000000	50.000000	564.000000
570326	RM00761	ISA 60 x 40 x 5 x 6000 E350 BR	rm	angl	MSE350BR	nos	section	7850.000	475.000	MS	E350 BR	5.000000	40.000000	6000.000000	60.000000	475.000000
570327	RM00762	ISA 60 x 60 x 6 x 6000 E350 BR	rm	angl	MSE350BR	nos	section	7850.000	684.000	MS	E350 BR	6.000000	60.000000	6000.000000	60.000000	684.000000
570374	RM00763	ISA 65 x 45 x 5 x 6000 E350 BR	rm	angl	MSE350BR	nos	section	7850.000	525.000	MS	E350 BR	5.000000	45.000000	6000.000000	65.000000	525.000000
570375	RM00764	ISA 65 x 65 x 6 x 6000 E350 BR	rm	angl	MSE350BR	nos	section	7850.000	744.000	MS	E350 BR	6.000000	65.000000	6000.000000	65.000000	744.000000
570410	RM00765	ISA 70 x 45 x 6 x 6000 E350 BR	rm	angl	MSE350BR	nos	section	7850.000	654.000	MS	E350 BR	6.000000	45.000000	6000.000000	70.000000	654.000000
570472	RM00766	ISA 75 x 50 x 6 x 6000 E350 BR	rm	angl	MSE350BR	nos	section	7850.000	714.000	MS	E350 BR	6.000000	50.000000	6000.000000	75.000000	714.000000
570473	RM00767	ISA 75 x 75 x 6 x 6000 E350 BR	rm	angl	MSE350BR	nos	section	7850.000	864.000	MS	E350 BR	6.000000	75.000000	6000.000000	75.000000	864.000000
570542	RM00768	ISA 80 x 50 x 6 x 6000 E350 BR	rm	angl	MSE350BR	nos	section	7850.000	744.000	MS	E350 BR	6.000000	50.000000	6000.000000	80.000000	744.000000
570543	RM00769	ISA 80 x 80 x 8 x 6000 E350 BR	rm	angl	MSE350BR	nos	section	7850.000	1216.000	MS	E350 BR	8.000000	80.000000	6000.000000	80.000000	1216.000000
570602	RM00770	ISA 90 x 60 x 6 x 6000 E350 BR	rm	angl	MSE350BR	nos	section	7850.000	864.000	MS	E350 BR	6.000000	60.000000	6000.000000	90.000000	864.000000
570603	RM00771	ISA 90 x 60 x 8 x 6000 E350 BR	rm	angl	MSE350BR	nos	section	7850.000	1136.000	MS	E350 BR	8.000000	60.000000	6000.000000	90.000000	1136.000000
570604	RM00772	ISA 90 x 90 x 8 x 6000 E350 BR	rm	angl	MSE350BR	nos	section	7850.000	1376.000	MS	E350 BR	8.000000	90.000000	6000.000000	90.000000	1376.000000
570690	RM00773	ISA 100 x 100 x 12 x 9000 E350 BR	rm	angl	MSE350BR	nos	section	7850.000	2256.000	MS	E350 BR	12.000000	100.000000	9000.000000	100.000000	2256.000000
570845	RM00774	ISA 130 x 130 x 12 x 9000 E350 BR	rm	angl	MSE350BR	nos	section	7850.000	2976.000	MS	E350 BR	12.000000	130.000000	9000.000000	130.000000	2976.000000
571100	RM00775	ISA 200 x 200 x 12 x 9000 E350 BR	rm	angl	MSE350BR	nos	section	7850.000	4656.000	MS	E350 BR	12.000000	200.000000	9000.000000	200.000000	4656.000000
570846	RM00776	ISA 130 x 130 x 10 x 9000 E350 BR	rm	angl	MSE350BR	nos	section	7850.000	2500.000	MS	E350 BR	10.000000	130.000000	9000.000000	130.000000	2500.000000
570847	RM00777	ISA 130 x 130 x 15 x 9000 E350 BR	rm	angl	MSE350BR	nos	section	7850.000	3675.000	MS	E350 BR	15.000000	130.000000	9000.000000	130.000000	3675.000000
571101	RM00778	ISA 200 x 200 x 25 x 9000 E350 BR	rm	angl	MSE350BR	nos	section	7850.000	9375.000	MS	E350 BR	25.000000	200.000000	9000.000000	200.000000	9375.000000
570956	RM00779	ISA 150 x 150 x 12 x 9000 E350 BR	rm	angl	MSE350BR	nos	section	7850.000	3456.000	MS	E350 BR	12.000000	150.000000	9000.000000	150.000000	3456.000000
570474	RM00780	ISA 75 x 75 x 10 x 9000 E350 BR	rm	angl	MSE350BR	nos	section	7850.000	1400.000	MS	E350 BR	10.000000	75.000000	9000.000000	75.000000	1400.000000
570691	RM00781	ISA 100 x 100 x 10 x 9000 E350 BR	rm	angl	MSE350BR	nos	section	7850.000	1900.000	MS	E350 BR	10.000000	100.000000	9000.000000	100.000000	1900.000000
570957	RM00782	ISA 150 x 150 x 10 x 9000 E350 BR	rm	angl	MSE350BR	nos	section	7850.000	2900.000	MS	E350 BR	10.000000	150.000000	9000.000000	150.000000	2900.000000
570958	RM00783	ISA 150 x 150 x 15 x 9000 E350 BR	rm	angl	MSE350BR	nos	section	7850.000	4275.000	MS	E350 BR	15.000000	150.000000	9000.000000	150.000000	4275.000000
570959	RM00784	ISA 150 x 150 x 16 x 9000 E350 BR	rm	angl	MSE350BR	nos	section	7850.000	4544.000	MS	E350 BR	16.000000	150.000000	9000.000000	150.000000	4544.000000
570475	RM00785	ISA 75 x 75 x 8 x 9000 E350 BR	rm	angl	MSE350BR	nos	section	7850.000	1136.000	MS	E350 BR	8.000000	75.000000	9000.000000	75.000000	1136.000000
570692	RM00786	ISA 100 x 65 x 8 x 9000 E350 BR	rm	angl	MSE350BR	nos	section	7850.000	1256.000	MS	E350 BR	8.000000	65.000000	9000.000000	100.000000	1256.000000
570693	RM00787	ISA 100 x 75 x 8 x 9000 E350 BR	rm	angl	MSE350BR	nos	section	7850.000	1336.000	MS	E350 BR	8.000000	75.000000	9000.000000	100.000000	1336.000000
570747	RM00788	ISA 110 x 110 x 10 x 9000 E350 BR	rm	angl	MSE350BR	nos	section	7850.000	2100.000	MS	E350 BR	10.000000	110.000000	9000.000000	110.000000	2100.000000
570784	RM00789	ISA 125 x 75 x 8 x 9000 E350 BR	rm	angl	MSE350BR	nos	section	7850.000	1536.000	MS	E350 BR	8.000000	75.000000	9000.000000	125.000000	1536.000000
570785	RM00790	ISA 125 x 95 x 10 x 9000 E350 BR	rm	angl	MSE350BR	nos	section	7850.000	2100.000	MS	E350 BR	10.000000	95.000000	9000.000000	125.000000	2100.000000
570960	RM00791	ISA 150 x 115 x 10 x 9000 E350 BR	rm	angl	MSE350BR	nos	section	7850.000	2550.000	MS	E350 BR	10.000000	115.000000	9000.000000	150.000000	2550.000000
570961	RM00792	ISA 150 x 75 x 10 x 9000 E350 BR	rm	angl	MSE350BR	nos	section	7850.000	2150.000	MS	E350 BR	10.000000	75.000000	9000.000000	150.000000	2150.000000
570075	RM00793	ISA 20 x 20 x 3 x 9000 E350 BR	rm	angl	MSE350BR	nos	section	7850.000	111.000	MS	E350 BR	3.000000	20.000000	9000.000000	20.000000	111.000000
571102	RM00794	ISA 200 x 100 x 10 x 9000 E350 BR	rm	angl	MSE350BR	nos	section	7850.000	2900.000	MS	E350 BR	10.000000	100.000000	9000.000000	200.000000	2900.000000
571103	RM00795	ISA 200 x 150 x 12 x 9000 E350 BR	rm	angl	MSE350BR	nos	section	7850.000	4056.000	MS	E350 BR	12.000000	150.000000	9000.000000	200.000000	4056.000000
571104	RM00796	ISA 200 x 200 x 15 x 9000 E350 BR	rm	angl	MSE350BR	nos	section	7850.000	5775.000	MS	E350 BR	15.000000	200.000000	9000.000000	200.000000	5775.000000
571105	RM00797	ISA 200 x 200 x 18 x 9000 E350 BR	rm	angl	MSE350BR	nos	section	7850.000	6876.000	MS	E350 BR	18.000000	200.000000	9000.000000	200.000000	6876.000000
570099	RM00798	ISA 25 x 25 x 3 x 9000 E350 BR	rm	angl	MSE350BR	nos	section	7850.000	141.000	MS	E350 BR	3.000000	25.000000	9000.000000	25.000000	141.000000
570136	RM00799	ISA 30 x 20 x 3 x 9000 E350 BR	rm	angl	MSE350BR	nos	section	7850.000	141.000	MS	E350 BR	3.000000	20.000000	9000.000000	30.000000	141.000000
570137	RM00800	ISA 30 x 30 x 3 x 9000 E350 BR	rm	angl	MSE350BR	nos	section	7850.000	171.000	MS	E350 BR	3.000000	30.000000	9000.000000	30.000000	171.000000
570171	RM00801	ISA 35 x 35 x 5 x 9000 E350 BR	rm	angl	MSE350BR	nos	section	7850.000	325.000	MS	E350 BR	5.000000	35.000000	9000.000000	35.000000	325.000000
570208	RM00802	ISA 40 x 25 x 4 x 9000 E350 BR	rm	angl	MSE350BR	nos	section	7850.000	244.000	MS	E350 BR	4.000000	25.000000	9000.000000	40.000000	244.000000
570209	RM00803	ISA 40 x 40 x 5 x 9000 E350 BR	rm	angl	MSE350BR	nos	section	7850.000	375.000	MS	E350 BR	5.000000	40.000000	9000.000000	40.000000	375.000000
570243	RM00804	ISA 45 x 30 x 4 x 9000 E350 BR	rm	angl	MSE350BR	nos	section	7850.000	284.000	MS	E350 BR	4.000000	30.000000	9000.000000	45.000000	284.000000
570280	RM00805	ISA 50 x 30 x 5 x 9000 E350 BR	rm	angl	MSE350BR	nos	section	7850.000	375.000	MS	E350 BR	5.000000	30.000000	9000.000000	50.000000	375.000000
570281	RM00806	ISA 50 x 50 x 6 x 9000 E350 BR	rm	angl	MSE350BR	nos	section	7850.000	564.000	MS	E350 BR	6.000000	50.000000	9000.000000	50.000000	564.000000
570328	RM00807	ISA 60 x 40 x 5 x 9000 E350 BR	rm	angl	MSE350BR	nos	section	7850.000	475.000	MS	E350 BR	5.000000	40.000000	9000.000000	60.000000	475.000000
570329	RM00808	ISA 60 x 60 x 6 x 9000 E350 BR	rm	angl	MSE350BR	nos	section	7850.000	684.000	MS	E350 BR	6.000000	60.000000	9000.000000	60.000000	684.000000
570376	RM00809	ISA 65 x 45 x 5 x 9000 E350 BR	rm	angl	MSE350BR	nos	section	7850.000	525.000	MS	E350 BR	5.000000	45.000000	9000.000000	65.000000	525.000000
570377	RM00810	ISA 65 x 65 x 6 x 9000 E350 BR	rm	angl	MSE350BR	nos	section	7850.000	744.000	MS	E350 BR	6.000000	65.000000	9000.000000	65.000000	744.000000
570411	RM00811	ISA 70 x 45 x 6 x 9000 E350 BR	rm	angl	MSE350BR	nos	section	7850.000	654.000	MS	E350 BR	6.000000	45.000000	9000.000000	70.000000	654.000000
570476	RM00812	ISA 75 x 50 x 6 x 9000 E350 BR	rm	angl	MSE350BR	nos	section	7850.000	714.000	MS	E350 BR	6.000000	50.000000	9000.000000	75.000000	714.000000
570477	RM00813	ISA 75 x 75 x 6 x 9000 E350 BR	rm	angl	MSE350BR	nos	section	7850.000	864.000	MS	E350 BR	6.000000	75.000000	9000.000000	75.000000	864.000000
570544	RM00814	ISA 80 x 50 x 6 x 9000 E350 BR	rm	angl	MSE350BR	nos	section	7850.000	744.000	MS	E350 BR	6.000000	50.000000	9000.000000	80.000000	744.000000
570545	RM00815	ISA 80 x 80 x 8 x 9000 E350 BR	rm	angl	MSE350BR	nos	section	7850.000	1216.000	MS	E350 BR	8.000000	80.000000	9000.000000	80.000000	1216.000000
570605	RM00816	ISA 90 x 60 x 6 x 9000 E350 BR	rm	angl	MSE350BR	nos	section	7850.000	864.000	MS	E350 BR	6.000000	60.000000	9000.000000	90.000000	864.000000
570606	RM00817	ISA 90 x 60 x 8 x 9000 E350 BR	rm	angl	MSE350BR	nos	section	7850.000	1136.000	MS	E350 BR	8.000000	60.000000	9000.000000	90.000000	1136.000000
570607	RM00818	ISA 90 x 90 x 8 x 9000 E350 BR	rm	angl	MSE350BR	nos	section	7850.000	1376.000	MS	E350 BR	8.000000	90.000000	9000.000000	90.000000	1376.000000
570694	RM00819	ISA 100 x 100 x 12 x 10000 E350 BR	rm	angl	MSE350BR	nos	section	7850.000	2256.000	MS	E350 BR	12.000000	100.000000	10000.000000	100.000000	2256.000000
570848	RM00820	ISA 130 x 130 x 12 x 10000 E350 BR	rm	angl	MSE350BR	nos	section	7850.000	2976.000	MS	E350 BR	12.000000	130.000000	10000.000000	130.000000	2976.000000
571106	RM00821	ISA 200 x 200 x 12 x 10000 E350 BR	rm	angl	MSE350BR	nos	section	7850.000	4656.000	MS	E350 BR	12.000000	200.000000	10000.000000	200.000000	4656.000000
570849	RM00822	ISA 130 x 130 x 10 x 10000 E350 BR	rm	angl	MSE350BR	nos	section	7850.000	2500.000	MS	E350 BR	10.000000	130.000000	10000.000000	130.000000	2500.000000
570850	RM00823	ISA 130 x 130 x 15 x 10000 E350 BR	rm	angl	MSE350BR	nos	section	7850.000	3675.000	MS	E350 BR	15.000000	130.000000	10000.000000	130.000000	3675.000000
571107	RM00824	ISA 200 x 200 x 25 x 10000 E350 BR	rm	angl	MSE350BR	nos	section	7850.000	9375.000	MS	E350 BR	25.000000	200.000000	10000.000000	200.000000	9375.000000
570962	RM00825	ISA 150 x 150 x 12 x 10000 E350 BR	rm	angl	MSE350BR	nos	section	7850.000	3456.000	MS	E350 BR	12.000000	150.000000	10000.000000	150.000000	3456.000000
570478	RM00826	ISA 75 x 75 x 10 x 10000 E350 BR	rm	angl	MSE350BR	nos	section	7850.000	1400.000	MS	E350 BR	10.000000	75.000000	10000.000000	75.000000	1400.000000
570695	RM00827	ISA 100 x 100 x 10 x 10000 E350 BR	rm	angl	MSE350BR	nos	section	7850.000	1900.000	MS	E350 BR	10.000000	100.000000	10000.000000	100.000000	1900.000000
570963	RM00828	ISA 150 x 150 x 10 x 10000 E350 BR	rm	angl	MSE350BR	nos	section	7850.000	2900.000	MS	E350 BR	10.000000	150.000000	10000.000000	150.000000	2900.000000
570964	RM00829	ISA 150 x 150 x 15 x 10000 E350 BR	rm	angl	MSE350BR	nos	section	7850.000	4275.000	MS	E350 BR	15.000000	150.000000	10000.000000	150.000000	4275.000000
570965	RM00830	ISA 150 x 150 x 16 x 10000 E350 BR	rm	angl	MSE350BR	nos	section	7850.000	4544.000	MS	E350 BR	16.000000	150.000000	10000.000000	150.000000	4544.000000
570479	RM00831	ISA 75 x 75 x 8 x 10000 E350 BR	rm	angl	MSE350BR	nos	section	7850.000	1136.000	MS	E350 BR	8.000000	75.000000	10000.000000	75.000000	1136.000000
570696	RM00832	ISA 100 x 65 x 8 x 10000 E350 BR	rm	angl	MSE350BR	nos	section	7850.000	1256.000	MS	E350 BR	8.000000	65.000000	10000.000000	100.000000	1256.000000
570697	RM00833	ISA 100 x 75 x 8 x 10000 E350 BR	rm	angl	MSE350BR	nos	section	7850.000	1336.000	MS	E350 BR	8.000000	75.000000	10000.000000	100.000000	1336.000000
570748	RM00834	ISA 110 x 110 x 10 x 10000 E350 BR	rm	angl	MSE350BR	nos	section	7850.000	2100.000	MS	E350 BR	10.000000	110.000000	10000.000000	110.000000	2100.000000
570786	RM00835	ISA 125 x 75 x 8 x 10000 E350 BR	rm	angl	MSE350BR	nos	section	7850.000	1536.000	MS	E350 BR	8.000000	75.000000	10000.000000	125.000000	1536.000000
570787	RM00836	ISA 125 x 95 x 10 x 10000 E350 BR	rm	angl	MSE350BR	nos	section	7850.000	2100.000	MS	E350 BR	10.000000	95.000000	10000.000000	125.000000	2100.000000
570966	RM00837	ISA 150 x 115 x 10 x 10000 E350 BR	rm	angl	MSE350BR	nos	section	7850.000	2550.000	MS	E350 BR	10.000000	115.000000	10000.000000	150.000000	2550.000000
570967	RM00838	ISA 150 x 75 x 10 x 10000 E350 BR	rm	angl	MSE350BR	nos	section	7850.000	2150.000	MS	E350 BR	10.000000	75.000000	10000.000000	150.000000	2150.000000
570076	RM00839	ISA 20 x 20 x 3 x 10000 E350 BR	rm	angl	MSE350BR	nos	section	7850.000	111.000	MS	E350 BR	3.000000	20.000000	10000.000000	20.000000	111.000000
571108	RM00840	ISA 200 x 100 x 10 x 10000 E350 BR	rm	angl	MSE350BR	nos	section	7850.000	2900.000	MS	E350 BR	10.000000	100.000000	10000.000000	200.000000	2900.000000
571109	RM00841	ISA 200 x 150 x 12 x 10000 E350 BR	rm	angl	MSE350BR	nos	section	7850.000	4056.000	MS	E350 BR	12.000000	150.000000	10000.000000	200.000000	4056.000000
571110	RM00842	ISA 200 x 200 x 15 x 10000 E350 BR	rm	angl	MSE350BR	nos	section	7850.000	5775.000	MS	E350 BR	15.000000	200.000000	10000.000000	200.000000	5775.000000
571111	RM00843	ISA 200 x 200 x 18 x 10000 E350 BR	rm	angl	MSE350BR	nos	section	7850.000	6876.000	MS	E350 BR	18.000000	200.000000	10000.000000	200.000000	6876.000000
570100	RM00844	ISA 25 x 25 x 3 x 10000 E350 BR	rm	angl	MSE350BR	nos	section	7850.000	141.000	MS	E350 BR	3.000000	25.000000	10000.000000	25.000000	141.000000
570138	RM00845	ISA 30 x 20 x 3 x 10000 E350 BR	rm	angl	MSE350BR	nos	section	7850.000	141.000	MS	E350 BR	3.000000	20.000000	10000.000000	30.000000	141.000000
570139	RM00846	ISA 30 x 30 x 3 x 10000 E350 BR	rm	angl	MSE350BR	nos	section	7850.000	171.000	MS	E350 BR	3.000000	30.000000	10000.000000	30.000000	171.000000
570172	RM00847	ISA 35 x 35 x 5 x 10000 E350 BR	rm	angl	MSE350BR	nos	section	7850.000	325.000	MS	E350 BR	5.000000	35.000000	10000.000000	35.000000	325.000000
570210	RM00848	ISA 40 x 25 x 4 x 10000 E350 BR	rm	angl	MSE350BR	nos	section	7850.000	244.000	MS	E350 BR	4.000000	25.000000	10000.000000	40.000000	244.000000
570211	RM00849	ISA 40 x 40 x 5 x 10000 E350 BR	rm	angl	MSE350BR	nos	section	7850.000	375.000	MS	E350 BR	5.000000	40.000000	10000.000000	40.000000	375.000000
570244	RM00850	ISA 45 x 30 x 4 x 10000 E350 BR	rm	angl	MSE350BR	nos	section	7850.000	284.000	MS	E350 BR	4.000000	30.000000	10000.000000	45.000000	284.000000
570282	RM00851	ISA 50 x 30 x 5 x 10000 E350 BR	rm	angl	MSE350BR	nos	section	7850.000	375.000	MS	E350 BR	5.000000	30.000000	10000.000000	50.000000	375.000000
570283	RM00852	ISA 50 x 50 x 6 x 10000 E350 BR	rm	angl	MSE350BR	nos	section	7850.000	564.000	MS	E350 BR	6.000000	50.000000	10000.000000	50.000000	564.000000
570330	RM00853	ISA 60 x 40 x 5 x 10000 E350 BR	rm	angl	MSE350BR	nos	section	7850.000	475.000	MS	E350 BR	5.000000	40.000000	10000.000000	60.000000	475.000000
570331	RM00854	ISA 60 x 60 x 6 x 10000 E350 BR	rm	angl	MSE350BR	nos	section	7850.000	684.000	MS	E350 BR	6.000000	60.000000	10000.000000	60.000000	684.000000
570378	RM00855	ISA 65 x 45 x 5 x 10000 E350 BR	rm	angl	MSE350BR	nos	section	7850.000	525.000	MS	E350 BR	5.000000	45.000000	10000.000000	65.000000	525.000000
570379	RM00856	ISA 65 x 65 x 6 x 10000 E350 BR	rm	angl	MSE350BR	nos	section	7850.000	744.000	MS	E350 BR	6.000000	65.000000	10000.000000	65.000000	744.000000
570412	RM00857	ISA 70 x 45 x 6 x 10000 E350 BR	rm	angl	MSE350BR	nos	section	7850.000	654.000	MS	E350 BR	6.000000	45.000000	10000.000000	70.000000	654.000000
570480	RM00858	ISA 75 x 50 x 6 x 10000 E350 BR	rm	angl	MSE350BR	nos	section	7850.000	714.000	MS	E350 BR	6.000000	50.000000	10000.000000	75.000000	714.000000
570481	RM00859	ISA 75 x 75 x 6 x 10000 E350 BR	rm	angl	MSE350BR	nos	section	7850.000	864.000	MS	E350 BR	6.000000	75.000000	10000.000000	75.000000	864.000000
570546	RM00860	ISA 80 x 50 x 6 x 10000 E350 BR	rm	angl	MSE350BR	nos	section	7850.000	744.000	MS	E350 BR	6.000000	50.000000	10000.000000	80.000000	744.000000
570547	RM00861	ISA 80 x 80 x 8 x 10000 E350 BR	rm	angl	MSE350BR	nos	section	7850.000	1216.000	MS	E350 BR	8.000000	80.000000	10000.000000	80.000000	1216.000000
570608	RM00862	ISA 90 x 60 x 6 x 10000 E350 BR	rm	angl	MSE350BR	nos	section	7850.000	864.000	MS	E350 BR	6.000000	60.000000	10000.000000	90.000000	864.000000
570609	RM00863	ISA 90 x 60 x 8 x 10000 E350 BR	rm	angl	MSE350BR	nos	section	7850.000	1136.000	MS	E350 BR	8.000000	60.000000	10000.000000	90.000000	1136.000000
570610	RM00864	ISA 90 x 90 x 8 x 10000 E350 BR	rm	angl	MSE350BR	nos	section	7850.000	1376.000	MS	E350 BR	8.000000	90.000000	10000.000000	90.000000	1376.000000
570698	RM00865	ISA 100 x 100 x 12 x 11000 E350 BR	rm	angl	MSE350BR	nos	section	7850.000	2256.000	MS	E350 BR	12.000000	100.000000	11000.000000	100.000000	2256.000000
570851	RM00866	ISA 130 x 130 x 12 x 11000 E350 BR	rm	angl	MSE350BR	nos	section	7850.000	2976.000	MS	E350 BR	12.000000	130.000000	11000.000000	130.000000	2976.000000
571112	RM00867	ISA 200 x 200 x 12 x 11000 E350 BR	rm	angl	MSE350BR	nos	section	7850.000	4656.000	MS	E350 BR	12.000000	200.000000	11000.000000	200.000000	4656.000000
570852	RM00868	ISA 130 x 130 x 10 x 11000 E350 BR	rm	angl	MSE350BR	nos	section	7850.000	2500.000	MS	E350 BR	10.000000	130.000000	11000.000000	130.000000	2500.000000
570853	RM00869	ISA 130 x 130 x 15 x 11000 E350 BR	rm	angl	MSE350BR	nos	section	7850.000	3675.000	MS	E350 BR	15.000000	130.000000	11000.000000	130.000000	3675.000000
571113	RM00870	ISA 200 x 200 x 25 x 11000 E350 BR	rm	angl	MSE350BR	nos	section	7850.000	9375.000	MS	E350 BR	25.000000	200.000000	11000.000000	200.000000	9375.000000
570968	RM00871	ISA 150 x 150 x 12 x 11000 E350 BR	rm	angl	MSE350BR	nos	section	7850.000	3456.000	MS	E350 BR	12.000000	150.000000	11000.000000	150.000000	3456.000000
570482	RM00872	ISA 75 x 75 x 10 x 11000 E350 BR	rm	angl	MSE350BR	nos	section	7850.000	1400.000	MS	E350 BR	10.000000	75.000000	11000.000000	75.000000	1400.000000
570699	RM00873	ISA 100 x 100 x 10 x 11000 E350 BR	rm	angl	MSE350BR	nos	section	7850.000	1900.000	MS	E350 BR	10.000000	100.000000	11000.000000	100.000000	1900.000000
570969	RM00874	ISA 150 x 150 x 10 x 11000 E350 BR	rm	angl	MSE350BR	nos	section	7850.000	2900.000	MS	E350 BR	10.000000	150.000000	11000.000000	150.000000	2900.000000
570970	RM00875	ISA 150 x 150 x 15 x 11000 E350 BR	rm	angl	MSE350BR	nos	section	7850.000	4275.000	MS	E350 BR	15.000000	150.000000	11000.000000	150.000000	4275.000000
570971	RM00876	ISA 150 x 150 x 16 x 11000 E350 BR	rm	angl	MSE350BR	nos	section	7850.000	4544.000	MS	E350 BR	16.000000	150.000000	11000.000000	150.000000	4544.000000
570483	RM00877	ISA 75 x 75 x 8 x 11000 E350 BR	rm	angl	MSE350BR	nos	section	7850.000	1136.000	MS	E350 BR	8.000000	75.000000	11000.000000	75.000000	1136.000000
570700	RM00878	ISA 100 x 65 x 8 x 11000 E350 BR	rm	angl	MSE350BR	nos	section	7850.000	1256.000	MS	E350 BR	8.000000	65.000000	11000.000000	100.000000	1256.000000
570701	RM00879	ISA 100 x 75 x 8 x 11000 E350 BR	rm	angl	MSE350BR	nos	section	7850.000	1336.000	MS	E350 BR	8.000000	75.000000	11000.000000	100.000000	1336.000000
570749	RM00880	ISA 110 x 110 x 10 x 11000 E350 BR	rm	angl	MSE350BR	nos	section	7850.000	2100.000	MS	E350 BR	10.000000	110.000000	11000.000000	110.000000	2100.000000
570788	RM00881	ISA 125 x 75 x 8 x 11000 E350 BR	rm	angl	MSE350BR	nos	section	7850.000	1536.000	MS	E350 BR	8.000000	75.000000	11000.000000	125.000000	1536.000000
570789	RM00882	ISA 125 x 95 x 10 x 11000 E350 BR	rm	angl	MSE350BR	nos	section	7850.000	2100.000	MS	E350 BR	10.000000	95.000000	11000.000000	125.000000	2100.000000
570972	RM00883	ISA 150 x 115 x 10 x 11000 E350 BR	rm	angl	MSE350BR	nos	section	7850.000	2550.000	MS	E350 BR	10.000000	115.000000	11000.000000	150.000000	2550.000000
570973	RM00884	ISA 150 x 75 x 10 x 11000 E350 BR	rm	angl	MSE350BR	nos	section	7850.000	2150.000	MS	E350 BR	10.000000	75.000000	11000.000000	150.000000	2150.000000
570077	RM00885	ISA 20 x 20 x 3 x 11000 E350 BR	rm	angl	MSE350BR	nos	section	7850.000	111.000	MS	E350 BR	3.000000	20.000000	11000.000000	20.000000	111.000000
571114	RM00886	ISA 200 x 100 x 10 x 11000 E350 BR	rm	angl	MSE350BR	nos	section	7850.000	2900.000	MS	E350 BR	10.000000	100.000000	11000.000000	200.000000	2900.000000
571115	RM00887	ISA 200 x 150 x 12 x 11000 E350 BR	rm	angl	MSE350BR	nos	section	7850.000	4056.000	MS	E350 BR	12.000000	150.000000	11000.000000	200.000000	4056.000000
571116	RM00888	ISA 200 x 200 x 15 x 11000 E350 BR	rm	angl	MSE350BR	nos	section	7850.000	5775.000	MS	E350 BR	15.000000	200.000000	11000.000000	200.000000	5775.000000
571117	RM00889	ISA 200 x 200 x 18 x 11000 E350 BR	rm	angl	MSE350BR	nos	section	7850.000	6876.000	MS	E350 BR	18.000000	200.000000	11000.000000	200.000000	6876.000000
570101	RM00890	ISA 25 x 25 x 3 x 11000 E350 BR	rm	angl	MSE350BR	nos	section	7850.000	141.000	MS	E350 BR	3.000000	25.000000	11000.000000	25.000000	141.000000
570140	RM00891	ISA 30 x 20 x 3 x 11000 E350 BR	rm	angl	MSE350BR	nos	section	7850.000	141.000	MS	E350 BR	3.000000	20.000000	11000.000000	30.000000	141.000000
570141	RM00892	ISA 30 x 30 x 3 x 11000 E350 BR	rm	angl	MSE350BR	nos	section	7850.000	171.000	MS	E350 BR	3.000000	30.000000	11000.000000	30.000000	171.000000
570173	RM00893	ISA 35 x 35 x 5 x 11000 E350 BR	rm	angl	MSE350BR	nos	section	7850.000	325.000	MS	E350 BR	5.000000	35.000000	11000.000000	35.000000	325.000000
570212	RM00894	ISA 40 x 25 x 4 x 11000 E350 BR	rm	angl	MSE350BR	nos	section	7850.000	244.000	MS	E350 BR	4.000000	25.000000	11000.000000	40.000000	244.000000
570213	RM00895	ISA 40 x 40 x 5 x 11000 E350 BR	rm	angl	MSE350BR	nos	section	7850.000	375.000	MS	E350 BR	5.000000	40.000000	11000.000000	40.000000	375.000000
570245	RM00896	ISA 45 x 30 x 4 x 11000 E350 BR	rm	angl	MSE350BR	nos	section	7850.000	284.000	MS	E350 BR	4.000000	30.000000	11000.000000	45.000000	284.000000
570284	RM00897	ISA 50 x 30 x 5 x 11000 E350 BR	rm	angl	MSE350BR	nos	section	7850.000	375.000	MS	E350 BR	5.000000	30.000000	11000.000000	50.000000	375.000000
570285	RM00898	ISA 50 x 50 x 6 x 11000 E350 BR	rm	angl	MSE350BR	nos	section	7850.000	564.000	MS	E350 BR	6.000000	50.000000	11000.000000	50.000000	564.000000
570332	RM00899	ISA 60 x 40 x 5 x 11000 E350 BR	rm	angl	MSE350BR	nos	section	7850.000	475.000	MS	E350 BR	5.000000	40.000000	11000.000000	60.000000	475.000000
570333	RM00900	ISA 60 x 60 x 6 x 11000 E350 BR	rm	angl	MSE350BR	nos	section	7850.000	684.000	MS	E350 BR	6.000000	60.000000	11000.000000	60.000000	684.000000
570380	RM00901	ISA 65 x 45 x 5 x 11000 E350 BR	rm	angl	MSE350BR	nos	section	7850.000	525.000	MS	E350 BR	5.000000	45.000000	11000.000000	65.000000	525.000000
570381	RM00902	ISA 65 x 65 x 6 x 11000 E350 BR	rm	angl	MSE350BR	nos	section	7850.000	744.000	MS	E350 BR	6.000000	65.000000	11000.000000	65.000000	744.000000
570413	RM00903	ISA 70 x 45 x 6 x 11000 E350 BR	rm	angl	MSE350BR	nos	section	7850.000	654.000	MS	E350 BR	6.000000	45.000000	11000.000000	70.000000	654.000000
570484	RM00904	ISA 75 x 50 x 6 x 11000 E350 BR	rm	angl	MSE350BR	nos	section	7850.000	714.000	MS	E350 BR	6.000000	50.000000	11000.000000	75.000000	714.000000
570485	RM00905	ISA 75 x 75 x 6 x 11000 E350 BR	rm	angl	MSE350BR	nos	section	7850.000	864.000	MS	E350 BR	6.000000	75.000000	11000.000000	75.000000	864.000000
570548	RM00906	ISA 80 x 50 x 6 x 11000 E350 BR	rm	angl	MSE350BR	nos	section	7850.000	744.000	MS	E350 BR	6.000000	50.000000	11000.000000	80.000000	744.000000
570549	RM00907	ISA 80 x 80 x 8 x 11000 E350 BR	rm	angl	MSE350BR	nos	section	7850.000	1216.000	MS	E350 BR	8.000000	80.000000	11000.000000	80.000000	1216.000000
570611	RM00908	ISA 90 x 60 x 6 x 11000 E350 BR	rm	angl	MSE350BR	nos	section	7850.000	864.000	MS	E350 BR	6.000000	60.000000	11000.000000	90.000000	864.000000
570612	RM00909	ISA 90 x 60 x 8 x 11000 E350 BR	rm	angl	MSE350BR	nos	section	7850.000	1136.000	MS	E350 BR	8.000000	60.000000	11000.000000	90.000000	1136.000000
570613	RM00910	ISA 90 x 90 x 8 x 11000 E350 BR	rm	angl	MSE350BR	nos	section	7850.000	1376.000	MS	E350 BR	8.000000	90.000000	11000.000000	90.000000	1376.000000
570702	RM00911	ISA 100 x 100 x 12 x 11500 E350 BR	rm	angl	MSE350BR	nos	section	7850.000	2256.000	MS	E350 BR	12.000000	100.000000	11500.000000	100.000000	2256.000000
570854	RM00912	ISA 130 x 130 x 12 x 11500 E350 BR	rm	angl	MSE350BR	nos	section	7850.000	2976.000	MS	E350 BR	12.000000	130.000000	11500.000000	130.000000	2976.000000
571118	RM00913	ISA 200 x 200 x 12 x 11500 E350 BR	rm	angl	MSE350BR	nos	section	7850.000	4656.000	MS	E350 BR	12.000000	200.000000	11500.000000	200.000000	4656.000000
570855	RM00914	ISA 130 x 130 x 10 x 11500 E350 BR	rm	angl	MSE350BR	nos	section	7850.000	2500.000	MS	E350 BR	10.000000	130.000000	11500.000000	130.000000	2500.000000
570856	RM00915	ISA 130 x 130 x 15 x 11500 E350 BR	rm	angl	MSE350BR	nos	section	7850.000	3675.000	MS	E350 BR	15.000000	130.000000	11500.000000	130.000000	3675.000000
571119	RM00916	ISA 200 x 200 x 25 x 11500 E350 BR	rm	angl	MSE350BR	nos	section	7850.000	9375.000	MS	E350 BR	25.000000	200.000000	11500.000000	200.000000	9375.000000
570974	RM00917	ISA 150 x 150 x 12 x 11500 E350 BR	rm	angl	MSE350BR	nos	section	7850.000	3456.000	MS	E350 BR	12.000000	150.000000	11500.000000	150.000000	3456.000000
570486	RM00918	ISA 75 x 75 x 10 x 11500 E350 BR	rm	angl	MSE350BR	nos	section	7850.000	1400.000	MS	E350 BR	10.000000	75.000000	11500.000000	75.000000	1400.000000
570703	RM00919	ISA 100 x 100 x 10 x 11500 E350 BR	rm	angl	MSE350BR	nos	section	7850.000	1900.000	MS	E350 BR	10.000000	100.000000	11500.000000	100.000000	1900.000000
570975	RM00920	ISA 150 x 150 x 10 x 11500 E350 BR	rm	angl	MSE350BR	nos	section	7850.000	2900.000	MS	E350 BR	10.000000	150.000000	11500.000000	150.000000	2900.000000
570976	RM00921	ISA 150 x 150 x 15 x 11500 E350 BR	rm	angl	MSE350BR	nos	section	7850.000	4275.000	MS	E350 BR	15.000000	150.000000	11500.000000	150.000000	4275.000000
570977	RM00922	ISA 150 x 150 x 16 x 11500 E350 BR	rm	angl	MSE350BR	nos	section	7850.000	4544.000	MS	E350 BR	16.000000	150.000000	11500.000000	150.000000	4544.000000
570487	RM00923	ISA 75 x 75 x 8 x 11500 E350 BR	rm	angl	MSE350BR	nos	section	7850.000	1136.000	MS	E350 BR	8.000000	75.000000	11500.000000	75.000000	1136.000000
570704	RM00924	ISA 100 x 65 x 8 x 11500 E350 BR	rm	angl	MSE350BR	nos	section	7850.000	1256.000	MS	E350 BR	8.000000	65.000000	11500.000000	100.000000	1256.000000
570705	RM00925	ISA 100 x 75 x 8 x 11500 E350 BR	rm	angl	MSE350BR	nos	section	7850.000	1336.000	MS	E350 BR	8.000000	75.000000	11500.000000	100.000000	1336.000000
570750	RM00926	ISA 110 x 110 x 10 x 11500 E350 BR	rm	angl	MSE350BR	nos	section	7850.000	2100.000	MS	E350 BR	10.000000	110.000000	11500.000000	110.000000	2100.000000
570790	RM00927	ISA 125 x 75 x 8 x 11500 E350 BR	rm	angl	MSE350BR	nos	section	7850.000	1536.000	MS	E350 BR	8.000000	75.000000	11500.000000	125.000000	1536.000000
570791	RM00928	ISA 125 x 95 x 10 x 11500 E350 BR	rm	angl	MSE350BR	nos	section	7850.000	2100.000	MS	E350 BR	10.000000	95.000000	11500.000000	125.000000	2100.000000
570978	RM00929	ISA 150 x 115 x 10 x 11500 E350 BR	rm	angl	MSE350BR	nos	section	7850.000	2550.000	MS	E350 BR	10.000000	115.000000	11500.000000	150.000000	2550.000000
570979	RM00930	ISA 150 x 75 x 10 x 11500 E350 BR	rm	angl	MSE350BR	nos	section	7850.000	2150.000	MS	E350 BR	10.000000	75.000000	11500.000000	150.000000	2150.000000
570078	RM00931	ISA 20 x 20 x 3 x 11500 E350 BR	rm	angl	MSE350BR	nos	section	7850.000	111.000	MS	E350 BR	3.000000	20.000000	11500.000000	20.000000	111.000000
571120	RM00932	ISA 200 x 100 x 10 x 11500 E350 BR	rm	angl	MSE350BR	nos	section	7850.000	2900.000	MS	E350 BR	10.000000	100.000000	11500.000000	200.000000	2900.000000
571121	RM00933	ISA 200 x 150 x 12 x 11500 E350 BR	rm	angl	MSE350BR	nos	section	7850.000	4056.000	MS	E350 BR	12.000000	150.000000	11500.000000	200.000000	4056.000000
571122	RM00934	ISA 200 x 200 x 15 x 11500 E350 BR	rm	angl	MSE350BR	nos	section	7850.000	5775.000	MS	E350 BR	15.000000	200.000000	11500.000000	200.000000	5775.000000
571123	RM00935	ISA 200 x 200 x 18 x 11500 E350 BR	rm	angl	MSE350BR	nos	section	7850.000	6876.000	MS	E350 BR	18.000000	200.000000	11500.000000	200.000000	6876.000000
570102	RM00936	ISA 25 x 25 x 3 x 11500 E350 BR	rm	angl	MSE350BR	nos	section	7850.000	141.000	MS	E350 BR	3.000000	25.000000	11500.000000	25.000000	141.000000
570142	RM00937	ISA 30 x 20 x 3 x 11500 E350 BR	rm	angl	MSE350BR	nos	section	7850.000	141.000	MS	E350 BR	3.000000	20.000000	11500.000000	30.000000	141.000000
570143	RM00938	ISA 30 x 30 x 3 x 11500 E350 BR	rm	angl	MSE350BR	nos	section	7850.000	171.000	MS	E350 BR	3.000000	30.000000	11500.000000	30.000000	171.000000
570174	RM00939	ISA 35 x 35 x 5 x 11500 E350 BR	rm	angl	MSE350BR	nos	section	7850.000	325.000	MS	E350 BR	5.000000	35.000000	11500.000000	35.000000	325.000000
570214	RM00940	ISA 40 x 25 x 4 x 11500 E350 BR	rm	angl	MSE350BR	nos	section	7850.000	244.000	MS	E350 BR	4.000000	25.000000	11500.000000	40.000000	244.000000
570215	RM00941	ISA 40 x 40 x 5 x 11500 E350 BR	rm	angl	MSE350BR	nos	section	7850.000	375.000	MS	E350 BR	5.000000	40.000000	11500.000000	40.000000	375.000000
570246	RM00942	ISA 45 x 30 x 4 x 11500 E350 BR	rm	angl	MSE350BR	nos	section	7850.000	284.000	MS	E350 BR	4.000000	30.000000	11500.000000	45.000000	284.000000
570286	RM00943	ISA 50 x 30 x 5 x 11500 E350 BR	rm	angl	MSE350BR	nos	section	7850.000	375.000	MS	E350 BR	5.000000	30.000000	11500.000000	50.000000	375.000000
570287	RM00944	ISA 50 x 50 x 6 x 11500 E350 BR	rm	angl	MSE350BR	nos	section	7850.000	564.000	MS	E350 BR	6.000000	50.000000	11500.000000	50.000000	564.000000
570334	RM00945	ISA 60 x 40 x 5 x 11500 E350 BR	rm	angl	MSE350BR	nos	section	7850.000	475.000	MS	E350 BR	5.000000	40.000000	11500.000000	60.000000	475.000000
570335	RM00946	ISA 60 x 60 x 6 x 11500 E350 BR	rm	angl	MSE350BR	nos	section	7850.000	684.000	MS	E350 BR	6.000000	60.000000	11500.000000	60.000000	684.000000
570382	RM00947	ISA 65 x 45 x 5 x 11500 E350 BR	rm	angl	MSE350BR	nos	section	7850.000	525.000	MS	E350 BR	5.000000	45.000000	11500.000000	65.000000	525.000000
570383	RM00948	ISA 65 x 65 x 6 x 11500 E350 BR	rm	angl	MSE350BR	nos	section	7850.000	744.000	MS	E350 BR	6.000000	65.000000	11500.000000	65.000000	744.000000
570414	RM00949	ISA 70 x 45 x 6 x 11500 E350 BR	rm	angl	MSE350BR	nos	section	7850.000	654.000	MS	E350 BR	6.000000	45.000000	11500.000000	70.000000	654.000000
570488	RM00950	ISA 75 x 50 x 6 x 11500 E350 BR	rm	angl	MSE350BR	nos	section	7850.000	714.000	MS	E350 BR	6.000000	50.000000	11500.000000	75.000000	714.000000
570489	RM00951	ISA 75 x 75 x 6 x 11500 E350 BR	rm	angl	MSE350BR	nos	section	7850.000	864.000	MS	E350 BR	6.000000	75.000000	11500.000000	75.000000	864.000000
570550	RM00952	ISA 80 x 50 x 6 x 11500 E350 BR	rm	angl	MSE350BR	nos	section	7850.000	744.000	MS	E350 BR	6.000000	50.000000	11500.000000	80.000000	744.000000
570551	RM00953	ISA 80 x 80 x 8 x 11500 E350 BR	rm	angl	MSE350BR	nos	section	7850.000	1216.000	MS	E350 BR	8.000000	80.000000	11500.000000	80.000000	1216.000000
570614	RM00954	ISA 90 x 60 x 6 x 11500 E350 BR	rm	angl	MSE350BR	nos	section	7850.000	864.000	MS	E350 BR	6.000000	60.000000	11500.000000	90.000000	864.000000
570615	RM00955	ISA 90 x 60 x 8 x 11500 E350 BR	rm	angl	MSE350BR	nos	section	7850.000	1136.000	MS	E350 BR	8.000000	60.000000	11500.000000	90.000000	1136.000000
570616	RM00956	ISA 90 x 90 x 8 x 11500 E350 BR	rm	angl	MSE350BR	nos	section	7850.000	1376.000	MS	E350 BR	8.000000	90.000000	11500.000000	90.000000	1376.000000
570706	RM00957	ISA 100 x 100 x 12 x 12000 E350 BR	rm	angl	MSE350BR	nos	section	7850.000	2256.000	MS	E350 BR	12.000000	100.000000	12000.000000	100.000000	2256.000000
570857	RM00958	ISA 130 x 130 x 12 x 12000 E350 BR	rm	angl	MSE350BR	nos	section	7850.000	2976.000	MS	E350 BR	12.000000	130.000000	12000.000000	130.000000	2976.000000
571124	RM00959	ISA 200 x 200 x 12 x 12000 E350 BR	rm	angl	MSE350BR	nos	section	7850.000	4656.000	MS	E350 BR	12.000000	200.000000	12000.000000	200.000000	4656.000000
570858	RM00960	ISA 130 x 130 x 10 x 12000 E350 BR	rm	angl	MSE350BR	nos	section	7850.000	2500.000	MS	E350 BR	10.000000	130.000000	12000.000000	130.000000	2500.000000
570859	RM00961	ISA 130 x 130 x 15 x 12000 E350 BR	rm	angl	MSE350BR	nos	section	7850.000	3675.000	MS	E350 BR	15.000000	130.000000	12000.000000	130.000000	3675.000000
571125	RM00962	ISA 200 x 200 x 25 x 12000 E350 BR	rm	angl	MSE350BR	nos	section	7850.000	9375.000	MS	E350 BR	25.000000	200.000000	12000.000000	200.000000	9375.000000
570980	RM00963	ISA 150 x 150 x 12 x 12000 E350 BR	rm	angl	MSE350BR	nos	section	7850.000	3456.000	MS	E350 BR	12.000000	150.000000	12000.000000	150.000000	3456.000000
570490	RM00964	ISA 75 x 75 x 10 x 12000 E350 BR	rm	angl	MSE350BR	nos	section	7850.000	1400.000	MS	E350 BR	10.000000	75.000000	12000.000000	75.000000	1400.000000
570707	RM00965	ISA 100 x 100 x 10 x 12000 E350 BR	rm	angl	MSE350BR	nos	section	7850.000	1900.000	MS	E350 BR	10.000000	100.000000	12000.000000	100.000000	1900.000000
570981	RM00966	ISA 150 x 150 x 10 x 12000 E350 BR	rm	angl	MSE350BR	nos	section	7850.000	2900.000	MS	E350 BR	10.000000	150.000000	12000.000000	150.000000	2900.000000
570982	RM00967	ISA 150 x 150 x 15 x 12000 E350 BR	rm	angl	MSE350BR	nos	section	7850.000	4275.000	MS	E350 BR	15.000000	150.000000	12000.000000	150.000000	4275.000000
570983	RM00968	ISA 150 x 150 x 16 x 12000 E350 BR	rm	angl	MSE350BR	nos	section	7850.000	4544.000	MS	E350 BR	16.000000	150.000000	12000.000000	150.000000	4544.000000
570491	RM00969	ISA 75 x 75 x 8 x 12000 E350 BR	rm	angl	MSE350BR	nos	section	7850.000	1136.000	MS	E350 BR	8.000000	75.000000	12000.000000	75.000000	1136.000000
570708	RM00970	ISA 100 x 65 x 8 x 12000 E350 BR	rm	angl	MSE350BR	nos	section	7850.000	1256.000	MS	E350 BR	8.000000	65.000000	12000.000000	100.000000	1256.000000
570709	RM00971	ISA 100 x 75 x 8 x 12000 E350 BR	rm	angl	MSE350BR	nos	section	7850.000	1336.000	MS	E350 BR	8.000000	75.000000	12000.000000	100.000000	1336.000000
570751	RM00972	ISA 110 x 110 x 10 x 12000 E350 BR	rm	angl	MSE350BR	nos	section	7850.000	2100.000	MS	E350 BR	10.000000	110.000000	12000.000000	110.000000	2100.000000
570792	RM00973	ISA 125 x 75 x 8 x 12000 E350 BR	rm	angl	MSE350BR	nos	section	7850.000	1536.000	MS	E350 BR	8.000000	75.000000	12000.000000	125.000000	1536.000000
570793	RM00974	ISA 125 x 95 x 10 x 12000 E350 BR	rm	angl	MSE350BR	nos	section	7850.000	2100.000	MS	E350 BR	10.000000	95.000000	12000.000000	125.000000	2100.000000
570984	RM00975	ISA 150 x 115 x 10 x 12000 E350 BR	rm	angl	MSE350BR	nos	section	7850.000	2550.000	MS	E350 BR	10.000000	115.000000	12000.000000	150.000000	2550.000000
570985	RM00976	ISA 150 x 75 x 10 x 12000 E350 BR	rm	angl	MSE350BR	nos	section	7850.000	2150.000	MS	E350 BR	10.000000	75.000000	12000.000000	150.000000	2150.000000
570079	RM00977	ISA 20 x 20 x 3 x 12000 E350 BR	rm	angl	MSE350BR	nos	section	7850.000	111.000	MS	E350 BR	3.000000	20.000000	12000.000000	20.000000	111.000000
571126	RM00978	ISA 200 x 100 x 10 x 12000 E350 BR	rm	angl	MSE350BR	nos	section	7850.000	2900.000	MS	E350 BR	10.000000	100.000000	12000.000000	200.000000	2900.000000
571127	RM00979	ISA 200 x 150 x 12 x 12000 E350 BR	rm	angl	MSE350BR	nos	section	7850.000	4056.000	MS	E350 BR	12.000000	150.000000	12000.000000	200.000000	4056.000000
571128	RM00980	ISA 200 x 200 x 15 x 12000 E350 BR	rm	angl	MSE350BR	nos	section	7850.000	5775.000	MS	E350 BR	15.000000	200.000000	12000.000000	200.000000	5775.000000
571129	RM00981	ISA 200 x 200 x 18 x 12000 E350 BR	rm	angl	MSE350BR	nos	section	7850.000	6876.000	MS	E350 BR	18.000000	200.000000	12000.000000	200.000000	6876.000000
570103	RM00982	ISA 25 x 25 x 3 x 12000 E350 BR	rm	angl	MSE350BR	nos	section	7850.000	141.000	MS	E350 BR	3.000000	25.000000	12000.000000	25.000000	141.000000
570144	RM00983	ISA 30 x 20 x 3 x 12000 E350 BR	rm	angl	MSE350BR	nos	section	7850.000	141.000	MS	E350 BR	3.000000	20.000000	12000.000000	30.000000	141.000000
570145	RM00984	ISA 30 x 30 x 3 x 12000 E350 BR	rm	angl	MSE350BR	nos	section	7850.000	171.000	MS	E350 BR	3.000000	30.000000	12000.000000	30.000000	171.000000
570175	RM00985	ISA 35 x 35 x 5 x 12000 E350 BR	rm	angl	MSE350BR	nos	section	7850.000	325.000	MS	E350 BR	5.000000	35.000000	12000.000000	35.000000	325.000000
570216	RM00986	ISA 40 x 25 x 4 x 12000 E350 BR	rm	angl	MSE350BR	nos	section	7850.000	244.000	MS	E350 BR	4.000000	25.000000	12000.000000	40.000000	244.000000
570217	RM00987	ISA 40 x 40 x 5 x 12000 E350 BR	rm	angl	MSE350BR	nos	section	7850.000	375.000	MS	E350 BR	5.000000	40.000000	12000.000000	40.000000	375.000000
570247	RM00988	ISA 45 x 30 x 4 x 12000 E350 BR	rm	angl	MSE350BR	nos	section	7850.000	284.000	MS	E350 BR	4.000000	30.000000	12000.000000	45.000000	284.000000
570288	RM00989	ISA 50 x 30 x 5 x 12000 E350 BR	rm	angl	MSE350BR	nos	section	7850.000	375.000	MS	E350 BR	5.000000	30.000000	12000.000000	50.000000	375.000000
570289	RM00990	ISA 50 x 50 x 6 x 12000 E350 BR	rm	angl	MSE350BR	nos	section	7850.000	564.000	MS	E350 BR	6.000000	50.000000	12000.000000	50.000000	564.000000
570336	RM00991	ISA 60 x 40 x 5 x 12000 E350 BR	rm	angl	MSE350BR	nos	section	7850.000	475.000	MS	E350 BR	5.000000	40.000000	12000.000000	60.000000	475.000000
570337	RM00992	ISA 60 x 60 x 6 x 12000 E350 BR	rm	angl	MSE350BR	nos	section	7850.000	684.000	MS	E350 BR	6.000000	60.000000	12000.000000	60.000000	684.000000
570384	RM00993	ISA 65 x 45 x 5 x 12000 E350 BR	rm	angl	MSE350BR	nos	section	7850.000	525.000	MS	E350 BR	5.000000	45.000000	12000.000000	65.000000	525.000000
570385	RM00994	ISA 65 x 65 x 6 x 12000 E350 BR	rm	angl	MSE350BR	nos	section	7850.000	744.000	MS	E350 BR	6.000000	65.000000	12000.000000	65.000000	744.000000
570415	RM00995	ISA 70 x 45 x 6 x 12000 E350 BR	rm	angl	MSE350BR	nos	section	7850.000	654.000	MS	E350 BR	6.000000	45.000000	12000.000000	70.000000	654.000000
570492	RM00996	ISA 75 x 50 x 6 x 12000 E350 BR	rm	angl	MSE350BR	nos	section	7850.000	714.000	MS	E350 BR	6.000000	50.000000	12000.000000	75.000000	714.000000
570493	RM00997	ISA 75 x 75 x 6 x 12000 E350 BR	rm	angl	MSE350BR	nos	section	7850.000	864.000	MS	E350 BR	6.000000	75.000000	12000.000000	75.000000	864.000000
570552	RM00998	ISA 80 x 50 x 6 x 12000 E350 BR	rm	angl	MSE350BR	nos	section	7850.000	744.000	MS	E350 BR	6.000000	50.000000	12000.000000	80.000000	744.000000
570553	RM00999	ISA 80 x 80 x 8 x 12000 E350 BR	rm	angl	MSE350BR	nos	section	7850.000	1216.000	MS	E350 BR	8.000000	80.000000	12000.000000	80.000000	1216.000000
570617	RM01000	ISA 90 x 60 x 6 x 12000 E350 BR	rm	angl	MSE350BR	nos	section	7850.000	864.000	MS	E350 BR	6.000000	60.000000	12000.000000	90.000000	864.000000
570618	RM01001	ISA 90 x 60 x 8 x 12000 E350 BR	rm	angl	MSE350BR	nos	section	7850.000	1136.000	MS	E350 BR	8.000000	60.000000	12000.000000	90.000000	1136.000000
570619	RM01002	ISA 90 x 90 x 8 x 12000 E350 BR	rm	angl	MSE350BR	nos	section	7850.000	1376.000	MS	E350 BR	8.000000	90.000000	12000.000000	90.000000	1376.000000
570710	RM01003	ISA 100 x 100 x 12 x 6000 E250 BR	rm	angl	MSE250BR	nos	section	7850.000	2256.000	MS	E250 BR	12.000000	100.000000	6000.000000	100.000000	2256.000000
570860	RM01004	ISA 130 x 130 x 12 x 6000 E250 BR	rm	angl	MSE250BR	nos	section	7850.000	2976.000	MS	E250 BR	12.000000	130.000000	6000.000000	130.000000	2976.000000
571130	RM01005	ISA 200 x 200 x 12 x 6000 E250 BR	rm	angl	MSE250BR	nos	section	7850.000	4656.000	MS	E250 BR	12.000000	200.000000	6000.000000	200.000000	4656.000000
570861	RM01006	ISA 130 x 130 x 10 x 6000 E250 BR	rm	angl	MSE250BR	nos	section	7850.000	2500.000	MS	E250 BR	10.000000	130.000000	6000.000000	130.000000	2500.000000
570862	RM01007	ISA 130 x 130 x 15 x 6000 E250 BR	rm	angl	MSE250BR	nos	section	7850.000	3675.000	MS	E250 BR	15.000000	130.000000	6000.000000	130.000000	3675.000000
571131	RM01008	ISA 200 x 200 x 25 x 6000 E250 BR	rm	angl	MSE250BR	nos	section	7850.000	9375.000	MS	E250 BR	25.000000	200.000000	6000.000000	200.000000	9375.000000
570986	RM01009	ISA 150 x 150 x 12 x 6000 E250 BR	rm	angl	MSE250BR	nos	section	7850.000	3456.000	MS	E250 BR	12.000000	150.000000	6000.000000	150.000000	3456.000000
570494	RM01010	ISA 75 x 75 x 10 x 6000 E250 BR	rm	angl	MSE250BR	nos	section	7850.000	1400.000	MS	E250 BR	10.000000	75.000000	6000.000000	75.000000	1400.000000
570711	RM01011	ISA 100 x 100 x 10 x 6000 E250 BR	rm	angl	MSE250BR	nos	section	7850.000	1900.000	MS	E250 BR	10.000000	100.000000	6000.000000	100.000000	1900.000000
570987	RM01012	ISA 150 x 150 x 10 x 6000 E250 BR	rm	angl	MSE250BR	nos	section	7850.000	2900.000	MS	E250 BR	10.000000	150.000000	6000.000000	150.000000	2900.000000
570988	RM01013	ISA 150 x 150 x 15 x 6000 E250 BR	rm	angl	MSE250BR	nos	section	7850.000	4275.000	MS	E250 BR	15.000000	150.000000	6000.000000	150.000000	4275.000000
570989	RM01014	ISA 150 x 150 x 16 x 6000 E250 BR	rm	angl	MSE250BR	nos	section	7850.000	4544.000	MS	E250 BR	16.000000	150.000000	6000.000000	150.000000	4544.000000
570495	RM01015	ISA 75 x 75 x 8 x 6000 E250 BR	rm	angl	MSE250BR	nos	section	7850.000	1136.000	MS	E250 BR	8.000000	75.000000	6000.000000	75.000000	1136.000000
570712	RM01016	ISA 100 x 65 x 8 x 6000 E250 BR	rm	angl	MSE250BR	nos	section	7850.000	1256.000	MS	E250 BR	8.000000	65.000000	6000.000000	100.000000	1256.000000
570713	RM01017	ISA 100 x 75 x 8 x 6000 E250 BR	rm	angl	MSE250BR	nos	section	7850.000	1336.000	MS	E250 BR	8.000000	75.000000	6000.000000	100.000000	1336.000000
570752	RM01018	ISA 110 x 110 x 10 x 6000 E250 BR	rm	angl	MSE250BR	nos	section	7850.000	2100.000	MS	E250 BR	10.000000	110.000000	6000.000000	110.000000	2100.000000
570794	RM01019	ISA 125 x 75 x 8 x 6000 E250 BR	rm	angl	MSE250BR	nos	section	7850.000	1536.000	MS	E250 BR	8.000000	75.000000	6000.000000	125.000000	1536.000000
570795	RM01020	ISA 125 x 95 x 10 x 6000 E250 BR	rm	angl	MSE250BR	nos	section	7850.000	2100.000	MS	E250 BR	10.000000	95.000000	6000.000000	125.000000	2100.000000
570990	RM01021	ISA 150 x 115 x 10 x 6000 E250 BR	rm	angl	MSE250BR	nos	section	7850.000	2550.000	MS	E250 BR	10.000000	115.000000	6000.000000	150.000000	2550.000000
570991	RM01022	ISA 150 x 75 x 10 x 6000 E250 BR	rm	angl	MSE250BR	nos	section	7850.000	2150.000	MS	E250 BR	10.000000	75.000000	6000.000000	150.000000	2150.000000
570080	RM01023	ISA 20 x 20 x 3 x 6000 E250 BR	rm	angl	MSE250BR	nos	section	7850.000	111.000	MS	E250 BR	3.000000	20.000000	6000.000000	20.000000	111.000000
571132	RM01024	ISA 200 x 100 x 10 x 6000 E250 BR	rm	angl	MSE250BR	nos	section	7850.000	2900.000	MS	E250 BR	10.000000	100.000000	6000.000000	200.000000	2900.000000
571133	RM01025	ISA 200 x 150 x 12 x 6000 E250 BR	rm	angl	MSE250BR	nos	section	7850.000	4056.000	MS	E250 BR	12.000000	150.000000	6000.000000	200.000000	4056.000000
571134	RM01026	ISA 200 x 200 x 15 x 6000 E250 BR	rm	angl	MSE250BR	nos	section	7850.000	5775.000	MS	E250 BR	15.000000	200.000000	6000.000000	200.000000	5775.000000
571135	RM01027	ISA 200 x 200 x 18 x 6000 E250 BR	rm	angl	MSE250BR	nos	section	7850.000	6876.000	MS	E250 BR	18.000000	200.000000	6000.000000	200.000000	6876.000000
570104	RM01028	ISA 25 x 25 x 3 x 6000 E250 BR	rm	angl	MSE250BR	nos	section	7850.000	141.000	MS	E250 BR	3.000000	25.000000	6000.000000	25.000000	141.000000
570146	RM01029	ISA 30 x 20 x 3 x 6000 E250 BR	rm	angl	MSE250BR	nos	section	7850.000	141.000	MS	E250 BR	3.000000	20.000000	6000.000000	30.000000	141.000000
570147	RM01030	ISA 30 x 30 x 3 x 6000 E250 BR	rm	angl	MSE250BR	nos	section	7850.000	171.000	MS	E250 BR	3.000000	30.000000	6000.000000	30.000000	171.000000
570176	RM01031	ISA 35 x 35 x 5 x 6000 E250 BR	rm	angl	MSE250BR	nos	section	7850.000	325.000	MS	E250 BR	5.000000	35.000000	6000.000000	35.000000	325.000000
570218	RM01032	ISA 40 x 25 x 4 x 6000 E250 BR	rm	angl	MSE250BR	nos	section	7850.000	244.000	MS	E250 BR	4.000000	25.000000	6000.000000	40.000000	244.000000
570219	RM01033	ISA 40 x 40 x 5 x 6000 E250 BR	rm	angl	MSE250BR	nos	section	7850.000	375.000	MS	E250 BR	5.000000	40.000000	6000.000000	40.000000	375.000000
570248	RM01034	ISA 45 x 30 x 4 x 6000 E250 BR	rm	angl	MSE250BR	nos	section	7850.000	284.000	MS	E250 BR	4.000000	30.000000	6000.000000	45.000000	284.000000
570290	RM01035	ISA 50 x 30 x 5 x 6000 E250 BR	rm	angl	MSE250BR	nos	section	7850.000	375.000	MS	E250 BR	5.000000	30.000000	6000.000000	50.000000	375.000000
570291	RM01036	ISA 50 x 50 x 6 x 6000 E250 BR	rm	angl	MSE250BR	nos	section	7850.000	564.000	MS	E250 BR	6.000000	50.000000	6000.000000	50.000000	564.000000
570338	RM01037	ISA 60 x 40 x 5 x 6000 E250 BR	rm	angl	MSE250BR	nos	section	7850.000	475.000	MS	E250 BR	5.000000	40.000000	6000.000000	60.000000	475.000000
570339	RM01038	ISA 60 x 60 x 6 x 6000 E250 BR	rm	angl	MSE250BR	nos	section	7850.000	684.000	MS	E250 BR	6.000000	60.000000	6000.000000	60.000000	684.000000
570386	RM01039	ISA 65 x 45 x 5 x 6000 E250 BR	rm	angl	MSE250BR	nos	section	7850.000	525.000	MS	E250 BR	5.000000	45.000000	6000.000000	65.000000	525.000000
570387	RM01040	ISA 65 x 65 x 6 x 6000 E250 BR	rm	angl	MSE250BR	nos	section	7850.000	744.000	MS	E250 BR	6.000000	65.000000	6000.000000	65.000000	744.000000
570416	RM01041	ISA 70 x 45 x 6 x 6000 E250 BR	rm	angl	MSE250BR	nos	section	7850.000	654.000	MS	E250 BR	6.000000	45.000000	6000.000000	70.000000	654.000000
570496	RM01042	ISA 75 x 50 x 6 x 6000 E250 BR	rm	angl	MSE250BR	nos	section	7850.000	714.000	MS	E250 BR	6.000000	50.000000	6000.000000	75.000000	714.000000
570497	RM01043	ISA 75 x 75 x 6 x 6000 E250 BR	rm	angl	MSE250BR	nos	section	7850.000	864.000	MS	E250 BR	6.000000	75.000000	6000.000000	75.000000	864.000000
570554	RM01044	ISA 80 x 50 x 6 x 6000 E250 BR	rm	angl	MSE250BR	nos	section	7850.000	744.000	MS	E250 BR	6.000000	50.000000	6000.000000	80.000000	744.000000
570555	RM01045	ISA 80 x 80 x 8 x 6000 E250 BR	rm	angl	MSE250BR	nos	section	7850.000	1216.000	MS	E250 BR	8.000000	80.000000	6000.000000	80.000000	1216.000000
570620	RM01046	ISA 90 x 60 x 6 x 6000 E250 BR	rm	angl	MSE250BR	nos	section	7850.000	864.000	MS	E250 BR	6.000000	60.000000	6000.000000	90.000000	864.000000
570621	RM01047	ISA 90 x 60 x 8 x 6000 E250 BR	rm	angl	MSE250BR	nos	section	7850.000	1136.000	MS	E250 BR	8.000000	60.000000	6000.000000	90.000000	1136.000000
570622	RM01048	ISA 90 x 90 x 8 x 6000 E250 BR	rm	angl	MSE250BR	nos	section	7850.000	1376.000	MS	E250 BR	8.000000	90.000000	6000.000000	90.000000	1376.000000
570714	RM01049	ISA 100 x 100 x 12 x 9000 E250 BR	rm	angl	MSE250BR	nos	section	7850.000	2256.000	MS	E250 BR	12.000000	100.000000	9000.000000	100.000000	2256.000000
570863	RM01050	ISA 130 x 130 x 12 x 9000 E250 BR	rm	angl	MSE250BR	nos	section	7850.000	2976.000	MS	E250 BR	12.000000	130.000000	9000.000000	130.000000	2976.000000
571136	RM01051	ISA 200 x 200 x 12 x 9000 E250 BR	rm	angl	MSE250BR	nos	section	7850.000	4656.000	MS	E250 BR	12.000000	200.000000	9000.000000	200.000000	4656.000000
570864	RM01052	ISA 130 x 130 x 10 x 9000 E250 BR	rm	angl	MSE250BR	nos	section	7850.000	2500.000	MS	E250 BR	10.000000	130.000000	9000.000000	130.000000	2500.000000
570865	RM01053	ISA 130 x 130 x 15 x 9000 E250 BR	rm	angl	MSE250BR	nos	section	7850.000	3675.000	MS	E250 BR	15.000000	130.000000	9000.000000	130.000000	3675.000000
571137	RM01054	ISA 200 x 200 x 25 x 9000 E250 BR	rm	angl	MSE250BR	nos	section	7850.000	9375.000	MS	E250 BR	25.000000	200.000000	9000.000000	200.000000	9375.000000
570992	RM01055	ISA 150 x 150 x 12 x 9000 E250 BR	rm	angl	MSE250BR	nos	section	7850.000	3456.000	MS	E250 BR	12.000000	150.000000	9000.000000	150.000000	3456.000000
570498	RM01056	ISA 75 x 75 x 10 x 9000 E250 BR	rm	angl	MSE250BR	nos	section	7850.000	1400.000	MS	E250 BR	10.000000	75.000000	9000.000000	75.000000	1400.000000
570715	RM01057	ISA 100 x 100 x 10 x 9000 E250 BR	rm	angl	MSE250BR	nos	section	7850.000	1900.000	MS	E250 BR	10.000000	100.000000	9000.000000	100.000000	1900.000000
570993	RM01058	ISA 150 x 150 x 10 x 9000 E250 BR	rm	angl	MSE250BR	nos	section	7850.000	2900.000	MS	E250 BR	10.000000	150.000000	9000.000000	150.000000	2900.000000
570994	RM01059	ISA 150 x 150 x 15 x 9000 E250 BR	rm	angl	MSE250BR	nos	section	7850.000	4275.000	MS	E250 BR	15.000000	150.000000	9000.000000	150.000000	4275.000000
570995	RM01060	ISA 150 x 150 x 16 x 9000 E250 BR	rm	angl	MSE250BR	nos	section	7850.000	4544.000	MS	E250 BR	16.000000	150.000000	9000.000000	150.000000	4544.000000
570499	RM01061	ISA 75 x 75 x 8 x 9000 E250 BR	rm	angl	MSE250BR	nos	section	7850.000	1136.000	MS	E250 BR	8.000000	75.000000	9000.000000	75.000000	1136.000000
570716	RM01062	ISA 100 x 65 x 8 x 9000 E250 BR	rm	angl	MSE250BR	nos	section	7850.000	1256.000	MS	E250 BR	8.000000	65.000000	9000.000000	100.000000	1256.000000
570717	RM01063	ISA 100 x 75 x 8 x 9000 E250 BR	rm	angl	MSE250BR	nos	section	7850.000	1336.000	MS	E250 BR	8.000000	75.000000	9000.000000	100.000000	1336.000000
570753	RM01064	ISA 110 x 110 x 10 x 9000 E250 BR	rm	angl	MSE250BR	nos	section	7850.000	2100.000	MS	E250 BR	10.000000	110.000000	9000.000000	110.000000	2100.000000
570796	RM01065	ISA 125 x 75 x 8 x 9000 E250 BR	rm	angl	MSE250BR	nos	section	7850.000	1536.000	MS	E250 BR	8.000000	75.000000	9000.000000	125.000000	1536.000000
570797	RM01066	ISA 125 x 95 x 10 x 9000 E250 BR	rm	angl	MSE250BR	nos	section	7850.000	2100.000	MS	E250 BR	10.000000	95.000000	9000.000000	125.000000	2100.000000
570996	RM01067	ISA 150 x 115 x 10 x 9000 E250 BR	rm	angl	MSE250BR	nos	section	7850.000	2550.000	MS	E250 BR	10.000000	115.000000	9000.000000	150.000000	2550.000000
570997	RM01068	ISA 150 x 75 x 10 x 9000 E250 BR	rm	angl	MSE250BR	nos	section	7850.000	2150.000	MS	E250 BR	10.000000	75.000000	9000.000000	150.000000	2150.000000
570081	RM01069	ISA 20 x 20 x 3 x 9000 E250 BR	rm	angl	MSE250BR	nos	section	7850.000	111.000	MS	E250 BR	3.000000	20.000000	9000.000000	20.000000	111.000000
571138	RM01070	ISA 200 x 100 x 10 x 9000 E250 BR	rm	angl	MSE250BR	nos	section	7850.000	2900.000	MS	E250 BR	10.000000	100.000000	9000.000000	200.000000	2900.000000
571139	RM01071	ISA 200 x 150 x 12 x 9000 E250 BR	rm	angl	MSE250BR	nos	section	7850.000	4056.000	MS	E250 BR	12.000000	150.000000	9000.000000	200.000000	4056.000000
571140	RM01072	ISA 200 x 200 x 15 x 9000 E250 BR	rm	angl	MSE250BR	nos	section	7850.000	5775.000	MS	E250 BR	15.000000	200.000000	9000.000000	200.000000	5775.000000
571141	RM01073	ISA 200 x 200 x 18 x 9000 E250 BR	rm	angl	MSE250BR	nos	section	7850.000	6876.000	MS	E250 BR	18.000000	200.000000	9000.000000	200.000000	6876.000000
570105	RM01074	ISA 25 x 25 x 3 x 9000 E250 BR	rm	angl	MSE250BR	nos	section	7850.000	141.000	MS	E250 BR	3.000000	25.000000	9000.000000	25.000000	141.000000
570148	RM01075	ISA 30 x 20 x 3 x 9000 E250 BR	rm	angl	MSE250BR	nos	section	7850.000	141.000	MS	E250 BR	3.000000	20.000000	9000.000000	30.000000	141.000000
570149	RM01076	ISA 30 x 30 x 3 x 9000 E250 BR	rm	angl	MSE250BR	nos	section	7850.000	171.000	MS	E250 BR	3.000000	30.000000	9000.000000	30.000000	171.000000
570177	RM01077	ISA 35 x 35 x 5 x 9000 E250 BR	rm	angl	MSE250BR	nos	section	7850.000	325.000	MS	E250 BR	5.000000	35.000000	9000.000000	35.000000	325.000000
570220	RM01078	ISA 40 x 25 x 4 x 9000 E250 BR	rm	angl	MSE250BR	nos	section	7850.000	244.000	MS	E250 BR	4.000000	25.000000	9000.000000	40.000000	244.000000
570221	RM01079	ISA 40 x 40 x 5 x 9000 E250 BR	rm	angl	MSE250BR	nos	section	7850.000	375.000	MS	E250 BR	5.000000	40.000000	9000.000000	40.000000	375.000000
570249	RM01080	ISA 45 x 30 x 4 x 9000 E250 BR	rm	angl	MSE250BR	nos	section	7850.000	284.000	MS	E250 BR	4.000000	30.000000	9000.000000	45.000000	284.000000
570292	RM01081	ISA 50 x 30 x 5 x 9000 E250 BR	rm	angl	MSE250BR	nos	section	7850.000	375.000	MS	E250 BR	5.000000	30.000000	9000.000000	50.000000	375.000000
570293	RM01082	ISA 50 x 50 x 6 x 9000 E250 BR	rm	angl	MSE250BR	nos	section	7850.000	564.000	MS	E250 BR	6.000000	50.000000	9000.000000	50.000000	564.000000
570340	RM01083	ISA 60 x 40 x 5 x 9000 E250 BR	rm	angl	MSE250BR	nos	section	7850.000	475.000	MS	E250 BR	5.000000	40.000000	9000.000000	60.000000	475.000000
570341	RM01084	ISA 60 x 60 x 6 x 9000 E250 BR	rm	angl	MSE250BR	nos	section	7850.000	684.000	MS	E250 BR	6.000000	60.000000	9000.000000	60.000000	684.000000
570388	RM01085	ISA 65 x 45 x 5 x 9000 E250 BR	rm	angl	MSE250BR	nos	section	7850.000	525.000	MS	E250 BR	5.000000	45.000000	9000.000000	65.000000	525.000000
570389	RM01086	ISA 65 x 65 x 6 x 9000 E250 BR	rm	angl	MSE250BR	nos	section	7850.000	744.000	MS	E250 BR	6.000000	65.000000	9000.000000	65.000000	744.000000
570417	RM01087	ISA 70 x 45 x 6 x 9000 E250 BR	rm	angl	MSE250BR	nos	section	7850.000	654.000	MS	E250 BR	6.000000	45.000000	9000.000000	70.000000	654.000000
570500	RM01088	ISA 75 x 50 x 6 x 9000 E250 BR	rm	angl	MSE250BR	nos	section	7850.000	714.000	MS	E250 BR	6.000000	50.000000	9000.000000	75.000000	714.000000
570501	RM01089	ISA 75 x 75 x 6 x 9000 E250 BR	rm	angl	MSE250BR	nos	section	7850.000	864.000	MS	E250 BR	6.000000	75.000000	9000.000000	75.000000	864.000000
570556	RM01090	ISA 80 x 50 x 6 x 9000 E250 BR	rm	angl	MSE250BR	nos	section	7850.000	744.000	MS	E250 BR	6.000000	50.000000	9000.000000	80.000000	744.000000
570557	RM01091	ISA 80 x 80 x 8 x 9000 E250 BR	rm	angl	MSE250BR	nos	section	7850.000	1216.000	MS	E250 BR	8.000000	80.000000	9000.000000	80.000000	1216.000000
570623	RM01092	ISA 90 x 60 x 6 x 9000 E250 BR	rm	angl	MSE250BR	nos	section	7850.000	864.000	MS	E250 BR	6.000000	60.000000	9000.000000	90.000000	864.000000
570624	RM01093	ISA 90 x 60 x 8 x 9000 E250 BR	rm	angl	MSE250BR	nos	section	7850.000	1136.000	MS	E250 BR	8.000000	60.000000	9000.000000	90.000000	1136.000000
570625	RM01094	ISA 90 x 90 x 8 x 9000 E250 BR	rm	angl	MSE250BR	nos	section	7850.000	1376.000	MS	E250 BR	8.000000	90.000000	9000.000000	90.000000	1376.000000
570718	RM01095	ISA 100 x 100 x 12 x 10000 E250 BR	rm	angl	MSE250BR	nos	section	7850.000	2256.000	MS	E250 BR	12.000000	100.000000	10000.000000	100.000000	2256.000000
570866	RM01096	ISA 130 x 130 x 12 x 10000 E250 BR	rm	angl	MSE250BR	nos	section	7850.000	2976.000	MS	E250 BR	12.000000	130.000000	10000.000000	130.000000	2976.000000
571142	RM01097	ISA 200 x 200 x 12 x 10000 E250 BR	rm	angl	MSE250BR	nos	section	7850.000	4656.000	MS	E250 BR	12.000000	200.000000	10000.000000	200.000000	4656.000000
570867	RM01098	ISA 130 x 130 x 10 x 10000 E250 BR	rm	angl	MSE250BR	nos	section	7850.000	2500.000	MS	E250 BR	10.000000	130.000000	10000.000000	130.000000	2500.000000
570868	RM01099	ISA 130 x 130 x 15 x 10000 E250 BR	rm	angl	MSE250BR	nos	section	7850.000	3675.000	MS	E250 BR	15.000000	130.000000	10000.000000	130.000000	3675.000000
571143	RM01100	ISA 200 x 200 x 25 x 10000 E250 BR	rm	angl	MSE250BR	nos	section	7850.000	9375.000	MS	E250 BR	25.000000	200.000000	10000.000000	200.000000	9375.000000
570998	RM01101	ISA 150 x 150 x 12 x 10000 E250 BR	rm	angl	MSE250BR	nos	section	7850.000	3456.000	MS	E250 BR	12.000000	150.000000	10000.000000	150.000000	3456.000000
570502	RM01102	ISA 75 x 75 x 10 x 10000 E250 BR	rm	angl	MSE250BR	nos	section	7850.000	1400.000	MS	E250 BR	10.000000	75.000000	10000.000000	75.000000	1400.000000
570719	RM01103	ISA 100 x 100 x 10 x 10000 E250 BR	rm	angl	MSE250BR	nos	section	7850.000	1900.000	MS	E250 BR	10.000000	100.000000	10000.000000	100.000000	1900.000000
570999	RM01104	ISA 150 x 150 x 10 x 10000 E250 BR	rm	angl	MSE250BR	nos	section	7850.000	2900.000	MS	E250 BR	10.000000	150.000000	10000.000000	150.000000	2900.000000
571000	RM01105	ISA 150 x 150 x 15 x 10000 E250 BR	rm	angl	MSE250BR	nos	section	7850.000	4275.000	MS	E250 BR	15.000000	150.000000	10000.000000	150.000000	4275.000000
571001	RM01106	ISA 150 x 150 x 16 x 10000 E250 BR	rm	angl	MSE250BR	nos	section	7850.000	4544.000	MS	E250 BR	16.000000	150.000000	10000.000000	150.000000	4544.000000
570503	RM01107	ISA 75 x 75 x 8 x 10000 E250 BR	rm	angl	MSE250BR	nos	section	7850.000	1136.000	MS	E250 BR	8.000000	75.000000	10000.000000	75.000000	1136.000000
570720	RM01108	ISA 100 x 65 x 8 x 10000 E250 BR	rm	angl	MSE250BR	nos	section	7850.000	1256.000	MS	E250 BR	8.000000	65.000000	10000.000000	100.000000	1256.000000
570721	RM01109	ISA 100 x 75 x 8 x 10000 E250 BR	rm	angl	MSE250BR	nos	section	7850.000	1336.000	MS	E250 BR	8.000000	75.000000	10000.000000	100.000000	1336.000000
570754	RM01110	ISA 110 x 110 x 10 x 10000 E250 BR	rm	angl	MSE250BR	nos	section	7850.000	2100.000	MS	E250 BR	10.000000	110.000000	10000.000000	110.000000	2100.000000
570798	RM01111	ISA 125 x 75 x 8 x 10000 E250 BR	rm	angl	MSE250BR	nos	section	7850.000	1536.000	MS	E250 BR	8.000000	75.000000	10000.000000	125.000000	1536.000000
570799	RM01112	ISA 125 x 95 x 10 x 10000 E250 BR	rm	angl	MSE250BR	nos	section	7850.000	2100.000	MS	E250 BR	10.000000	95.000000	10000.000000	125.000000	2100.000000
571002	RM01113	ISA 150 x 115 x 10 x 10000 E250 BR	rm	angl	MSE250BR	nos	section	7850.000	2550.000	MS	E250 BR	10.000000	115.000000	10000.000000	150.000000	2550.000000
571003	RM01114	ISA 150 x 75 x 10 x 10000 E250 BR	rm	angl	MSE250BR	nos	section	7850.000	2150.000	MS	E250 BR	10.000000	75.000000	10000.000000	150.000000	2150.000000
570082	RM01115	ISA 20 x 20 x 3 x 10000 E250 BR	rm	angl	MSE250BR	nos	section	7850.000	111.000	MS	E250 BR	3.000000	20.000000	10000.000000	20.000000	111.000000
571144	RM01116	ISA 200 x 100 x 10 x 10000 E250 BR	rm	angl	MSE250BR	nos	section	7850.000	2900.000	MS	E250 BR	10.000000	100.000000	10000.000000	200.000000	2900.000000
571145	RM01117	ISA 200 x 150 x 12 x 10000 E250 BR	rm	angl	MSE250BR	nos	section	7850.000	4056.000	MS	E250 BR	12.000000	150.000000	10000.000000	200.000000	4056.000000
571146	RM01118	ISA 200 x 200 x 15 x 10000 E250 BR	rm	angl	MSE250BR	nos	section	7850.000	5775.000	MS	E250 BR	15.000000	200.000000	10000.000000	200.000000	5775.000000
571147	RM01119	ISA 200 x 200 x 18 x 10000 E250 BR	rm	angl	MSE250BR	nos	section	7850.000	6876.000	MS	E250 BR	18.000000	200.000000	10000.000000	200.000000	6876.000000
570106	RM01120	ISA 25 x 25 x 3 x 10000 E250 BR	rm	angl	MSE250BR	nos	section	7850.000	141.000	MS	E250 BR	3.000000	25.000000	10000.000000	25.000000	141.000000
570150	RM01121	ISA 30 x 20 x 3 x 10000 E250 BR	rm	angl	MSE250BR	nos	section	7850.000	141.000	MS	E250 BR	3.000000	20.000000	10000.000000	30.000000	141.000000
570151	RM01122	ISA 30 x 30 x 3 x 10000 E250 BR	rm	angl	MSE250BR	nos	section	7850.000	171.000	MS	E250 BR	3.000000	30.000000	10000.000000	30.000000	171.000000
570178	RM01123	ISA 35 x 35 x 5 x 10000 E250 BR	rm	angl	MSE250BR	nos	section	7850.000	325.000	MS	E250 BR	5.000000	35.000000	10000.000000	35.000000	325.000000
570222	RM01124	ISA 40 x 25 x 4 x 10000 E250 BR	rm	angl	MSE250BR	nos	section	7850.000	244.000	MS	E250 BR	4.000000	25.000000	10000.000000	40.000000	244.000000
570223	RM01125	ISA 40 x 40 x 5 x 10000 E250 BR	rm	angl	MSE250BR	nos	section	7850.000	375.000	MS	E250 BR	5.000000	40.000000	10000.000000	40.000000	375.000000
570250	RM01126	ISA 45 x 30 x 4 x 10000 E250 BR	rm	angl	MSE250BR	nos	section	7850.000	284.000	MS	E250 BR	4.000000	30.000000	10000.000000	45.000000	284.000000
570294	RM01127	ISA 50 x 30 x 5 x 10000 E250 BR	rm	angl	MSE250BR	nos	section	7850.000	375.000	MS	E250 BR	5.000000	30.000000	10000.000000	50.000000	375.000000
570295	RM01128	ISA 50 x 50 x 6 x 10000 E250 BR	rm	angl	MSE250BR	nos	section	7850.000	564.000	MS	E250 BR	6.000000	50.000000	10000.000000	50.000000	564.000000
570342	RM01129	ISA 60 x 40 x 5 x 10000 E250 BR	rm	angl	MSE250BR	nos	section	7850.000	475.000	MS	E250 BR	5.000000	40.000000	10000.000000	60.000000	475.000000
570343	RM01130	ISA 60 x 60 x 6 x 10000 E250 BR	rm	angl	MSE250BR	nos	section	7850.000	684.000	MS	E250 BR	6.000000	60.000000	10000.000000	60.000000	684.000000
570390	RM01131	ISA 65 x 45 x 5 x 10000 E250 BR	rm	angl	MSE250BR	nos	section	7850.000	525.000	MS	E250 BR	5.000000	45.000000	10000.000000	65.000000	525.000000
570391	RM01132	ISA 65 x 65 x 6 x 10000 E250 BR	rm	angl	MSE250BR	nos	section	7850.000	744.000	MS	E250 BR	6.000000	65.000000	10000.000000	65.000000	744.000000
570418	RM01133	ISA 70 x 45 x 6 x 10000 E250 BR	rm	angl	MSE250BR	nos	section	7850.000	654.000	MS	E250 BR	6.000000	45.000000	10000.000000	70.000000	654.000000
570504	RM01134	ISA 75 x 50 x 6 x 10000 E250 BR	rm	angl	MSE250BR	nos	section	7850.000	714.000	MS	E250 BR	6.000000	50.000000	10000.000000	75.000000	714.000000
570505	RM01135	ISA 75 x 75 x 6 x 10000 E250 BR	rm	angl	MSE250BR	nos	section	7850.000	864.000	MS	E250 BR	6.000000	75.000000	10000.000000	75.000000	864.000000
570558	RM01136	ISA 80 x 50 x 6 x 10000 E250 BR	rm	angl	MSE250BR	nos	section	7850.000	744.000	MS	E250 BR	6.000000	50.000000	10000.000000	80.000000	744.000000
570559	RM01137	ISA 80 x 80 x 8 x 10000 E250 BR	rm	angl	MSE250BR	nos	section	7850.000	1216.000	MS	E250 BR	8.000000	80.000000	10000.000000	80.000000	1216.000000
570626	RM01138	ISA 90 x 60 x 6 x 10000 E250 BR	rm	angl	MSE250BR	nos	section	7850.000	864.000	MS	E250 BR	6.000000	60.000000	10000.000000	90.000000	864.000000
570627	RM01139	ISA 90 x 60 x 8 x 10000 E250 BR	rm	angl	MSE250BR	nos	section	7850.000	1136.000	MS	E250 BR	8.000000	60.000000	10000.000000	90.000000	1136.000000
570628	RM01140	ISA 90 x 90 x 8 x 10000 E250 BR	rm	angl	MSE250BR	nos	section	7850.000	1376.000	MS	E250 BR	8.000000	90.000000	10000.000000	90.000000	1376.000000
570722	RM01141	ISA 100 x 100 x 12 x 11000 E250 BR	rm	angl	MSE250BR	nos	section	7850.000	2256.000	MS	E250 BR	12.000000	100.000000	11000.000000	100.000000	2256.000000
570869	RM01142	ISA 130 x 130 x 12 x 11000 E250 BR	rm	angl	MSE250BR	nos	section	7850.000	2976.000	MS	E250 BR	12.000000	130.000000	11000.000000	130.000000	2976.000000
571148	RM01143	ISA 200 x 200 x 12 x 11000 E250 BR	rm	angl	MSE250BR	nos	section	7850.000	4656.000	MS	E250 BR	12.000000	200.000000	11000.000000	200.000000	4656.000000
570870	RM01144	ISA 130 x 130 x 10 x 11000 E250 BR	rm	angl	MSE250BR	nos	section	7850.000	2500.000	MS	E250 BR	10.000000	130.000000	11000.000000	130.000000	2500.000000
570871	RM01145	ISA 130 x 130 x 15 x 11000 E250 BR	rm	angl	MSE250BR	nos	section	7850.000	3675.000	MS	E250 BR	15.000000	130.000000	11000.000000	130.000000	3675.000000
571149	RM01146	ISA 200 x 200 x 25 x 11000 E250 BR	rm	angl	MSE250BR	nos	section	7850.000	9375.000	MS	E250 BR	25.000000	200.000000	11000.000000	200.000000	9375.000000
571004	RM01147	ISA 150 x 150 x 12 x 11000 E250 BR	rm	angl	MSE250BR	nos	section	7850.000	3456.000	MS	E250 BR	12.000000	150.000000	11000.000000	150.000000	3456.000000
570506	RM01148	ISA 75 x 75 x 10 x 11000 E250 BR	rm	angl	MSE250BR	nos	section	7850.000	1400.000	MS	E250 BR	10.000000	75.000000	11000.000000	75.000000	1400.000000
570723	RM01149	ISA 100 x 100 x 10 x 11000 E250 BR	rm	angl	MSE250BR	nos	section	7850.000	1900.000	MS	E250 BR	10.000000	100.000000	11000.000000	100.000000	1900.000000
571005	RM01150	ISA 150 x 150 x 10 x 11000 E250 BR	rm	angl	MSE250BR	nos	section	7850.000	2900.000	MS	E250 BR	10.000000	150.000000	11000.000000	150.000000	2900.000000
571006	RM01151	ISA 150 x 150 x 15 x 11000 E250 BR	rm	angl	MSE250BR	nos	section	7850.000	4275.000	MS	E250 BR	15.000000	150.000000	11000.000000	150.000000	4275.000000
571007	RM01152	ISA 150 x 150 x 16 x 11000 E250 BR	rm	angl	MSE250BR	nos	section	7850.000	4544.000	MS	E250 BR	16.000000	150.000000	11000.000000	150.000000	4544.000000
570507	RM01153	ISA 75 x 75 x 8 x 11000 E250 BR	rm	angl	MSE250BR	nos	section	7850.000	1136.000	MS	E250 BR	8.000000	75.000000	11000.000000	75.000000	1136.000000
570724	RM01154	ISA 100 x 65 x 8 x 11000 E250 BR	rm	angl	MSE250BR	nos	section	7850.000	1256.000	MS	E250 BR	8.000000	65.000000	11000.000000	100.000000	1256.000000
570725	RM01155	ISA 100 x 75 x 8 x 11000 E250 BR	rm	angl	MSE250BR	nos	section	7850.000	1336.000	MS	E250 BR	8.000000	75.000000	11000.000000	100.000000	1336.000000
570755	RM01156	ISA 110 x 110 x 10 x 11000 E250 BR	rm	angl	MSE250BR	nos	section	7850.000	2100.000	MS	E250 BR	10.000000	110.000000	11000.000000	110.000000	2100.000000
570800	RM01157	ISA 125 x 75 x 8 x 11000 E250 BR	rm	angl	MSE250BR	nos	section	7850.000	1536.000	MS	E250 BR	8.000000	75.000000	11000.000000	125.000000	1536.000000
570801	RM01158	ISA 125 x 95 x 10 x 11000 E250 BR	rm	angl	MSE250BR	nos	section	7850.000	2100.000	MS	E250 BR	10.000000	95.000000	11000.000000	125.000000	2100.000000
571008	RM01159	ISA 150 x 115 x 10 x 11000 E250 BR	rm	angl	MSE250BR	nos	section	7850.000	2550.000	MS	E250 BR	10.000000	115.000000	11000.000000	150.000000	2550.000000
571009	RM01160	ISA 150 x 75 x 10 x 11000 E250 BR	rm	angl	MSE250BR	nos	section	7850.000	2150.000	MS	E250 BR	10.000000	75.000000	11000.000000	150.000000	2150.000000
570083	RM01161	ISA 20 x 20 x 3 x 11000 E250 BR	rm	angl	MSE250BR	nos	section	7850.000	111.000	MS	E250 BR	3.000000	20.000000	11000.000000	20.000000	111.000000
571150	RM01162	ISA 200 x 100 x 10 x 11000 E250 BR	rm	angl	MSE250BR	nos	section	7850.000	2900.000	MS	E250 BR	10.000000	100.000000	11000.000000	200.000000	2900.000000
571151	RM01163	ISA 200 x 150 x 12 x 11000 E250 BR	rm	angl	MSE250BR	nos	section	7850.000	4056.000	MS	E250 BR	12.000000	150.000000	11000.000000	200.000000	4056.000000
571152	RM01164	ISA 200 x 200 x 15 x 11000 E250 BR	rm	angl	MSE250BR	nos	section	7850.000	5775.000	MS	E250 BR	15.000000	200.000000	11000.000000	200.000000	5775.000000
571153	RM01165	ISA 200 x 200 x 18 x 11000 E250 BR	rm	angl	MSE250BR	nos	section	7850.000	6876.000	MS	E250 BR	18.000000	200.000000	11000.000000	200.000000	6876.000000
570107	RM01166	ISA 25 x 25 x 3 x 11000 E250 BR	rm	angl	MSE250BR	nos	section	7850.000	141.000	MS	E250 BR	3.000000	25.000000	11000.000000	25.000000	141.000000
570152	RM01167	ISA 30 x 20 x 3 x 11000 E250 BR	rm	angl	MSE250BR	nos	section	7850.000	141.000	MS	E250 BR	3.000000	20.000000	11000.000000	30.000000	141.000000
570153	RM01168	ISA 30 x 30 x 3 x 11000 E250 BR	rm	angl	MSE250BR	nos	section	7850.000	171.000	MS	E250 BR	3.000000	30.000000	11000.000000	30.000000	171.000000
570179	RM01169	ISA 35 x 35 x 5 x 11000 E250 BR	rm	angl	MSE250BR	nos	section	7850.000	325.000	MS	E250 BR	5.000000	35.000000	11000.000000	35.000000	325.000000
570224	RM01170	ISA 40 x 25 x 4 x 11000 E250 BR	rm	angl	MSE250BR	nos	section	7850.000	244.000	MS	E250 BR	4.000000	25.000000	11000.000000	40.000000	244.000000
570225	RM01171	ISA 40 x 40 x 5 x 11000 E250 BR	rm	angl	MSE250BR	nos	section	7850.000	375.000	MS	E250 BR	5.000000	40.000000	11000.000000	40.000000	375.000000
570251	RM01172	ISA 45 x 30 x 4 x 11000 E250 BR	rm	angl	MSE250BR	nos	section	7850.000	284.000	MS	E250 BR	4.000000	30.000000	11000.000000	45.000000	284.000000
570296	RM01173	ISA 50 x 30 x 5 x 11000 E250 BR	rm	angl	MSE250BR	nos	section	7850.000	375.000	MS	E250 BR	5.000000	30.000000	11000.000000	50.000000	375.000000
570297	RM01174	ISA 50 x 50 x 6 x 11000 E250 BR	rm	angl	MSE250BR	nos	section	7850.000	564.000	MS	E250 BR	6.000000	50.000000	11000.000000	50.000000	564.000000
570344	RM01175	ISA 60 x 40 x 5 x 11000 E250 BR	rm	angl	MSE250BR	nos	section	7850.000	475.000	MS	E250 BR	5.000000	40.000000	11000.000000	60.000000	475.000000
570345	RM01176	ISA 60 x 60 x 6 x 11000 E250 BR	rm	angl	MSE250BR	nos	section	7850.000	684.000	MS	E250 BR	6.000000	60.000000	11000.000000	60.000000	684.000000
570392	RM01177	ISA 65 x 45 x 5 x 11000 E250 BR	rm	angl	MSE250BR	nos	section	7850.000	525.000	MS	E250 BR	5.000000	45.000000	11000.000000	65.000000	525.000000
570393	RM01178	ISA 65 x 65 x 6 x 11000 E250 BR	rm	angl	MSE250BR	nos	section	7850.000	744.000	MS	E250 BR	6.000000	65.000000	11000.000000	65.000000	744.000000
570419	RM01179	ISA 70 x 45 x 6 x 11000 E250 BR	rm	angl	MSE250BR	nos	section	7850.000	654.000	MS	E250 BR	6.000000	45.000000	11000.000000	70.000000	654.000000
570508	RM01180	ISA 75 x 50 x 6 x 11000 E250 BR	rm	angl	MSE250BR	nos	section	7850.000	714.000	MS	E250 BR	6.000000	50.000000	11000.000000	75.000000	714.000000
570509	RM01181	ISA 75 x 75 x 6 x 11000 E250 BR	rm	angl	MSE250BR	nos	section	7850.000	864.000	MS	E250 BR	6.000000	75.000000	11000.000000	75.000000	864.000000
570560	RM01182	ISA 80 x 50 x 6 x 11000 E250 BR	rm	angl	MSE250BR	nos	section	7850.000	744.000	MS	E250 BR	6.000000	50.000000	11000.000000	80.000000	744.000000
570561	RM01183	ISA 80 x 80 x 8 x 11000 E250 BR	rm	angl	MSE250BR	nos	section	7850.000	1216.000	MS	E250 BR	8.000000	80.000000	11000.000000	80.000000	1216.000000
570629	RM01184	ISA 90 x 60 x 6 x 11000 E250 BR	rm	angl	MSE250BR	nos	section	7850.000	864.000	MS	E250 BR	6.000000	60.000000	11000.000000	90.000000	864.000000
570630	RM01185	ISA 90 x 60 x 8 x 11000 E250 BR	rm	angl	MSE250BR	nos	section	7850.000	1136.000	MS	E250 BR	8.000000	60.000000	11000.000000	90.000000	1136.000000
570631	RM01186	ISA 90 x 90 x 8 x 11000 E250 BR	rm	angl	MSE250BR	nos	section	7850.000	1376.000	MS	E250 BR	8.000000	90.000000	11000.000000	90.000000	1376.000000
570726	RM01187	ISA 100 x 100 x 12 x 11500 E250 BR	rm	angl	MSE250BR	nos	section	7850.000	2256.000	MS	E250 BR	12.000000	100.000000	11500.000000	100.000000	2256.000000
570872	RM01188	ISA 130 x 130 x 12 x 11500 E250 BR	rm	angl	MSE250BR	nos	section	7850.000	2976.000	MS	E250 BR	12.000000	130.000000	11500.000000	130.000000	2976.000000
571154	RM01189	ISA 200 x 200 x 12 x 11500 E250 BR	rm	angl	MSE250BR	nos	section	7850.000	4656.000	MS	E250 BR	12.000000	200.000000	11500.000000	200.000000	4656.000000
570873	RM01190	ISA 130 x 130 x 10 x 11500 E250 BR	rm	angl	MSE250BR	nos	section	7850.000	2500.000	MS	E250 BR	10.000000	130.000000	11500.000000	130.000000	2500.000000
570874	RM01191	ISA 130 x 130 x 15 x 11500 E250 BR	rm	angl	MSE250BR	nos	section	7850.000	3675.000	MS	E250 BR	15.000000	130.000000	11500.000000	130.000000	3675.000000
571155	RM01192	ISA 200 x 200 x 25 x 11500 E250 BR	rm	angl	MSE250BR	nos	section	7850.000	9375.000	MS	E250 BR	25.000000	200.000000	11500.000000	200.000000	9375.000000
571010	RM01193	ISA 150 x 150 x 12 x 11500 E250 BR	rm	angl	MSE250BR	nos	section	7850.000	3456.000	MS	E250 BR	12.000000	150.000000	11500.000000	150.000000	3456.000000
570510	RM01194	ISA 75 x 75 x 10 x 11500 E250 BR	rm	angl	MSE250BR	nos	section	7850.000	1400.000	MS	E250 BR	10.000000	75.000000	11500.000000	75.000000	1400.000000
570727	RM01195	ISA 100 x 100 x 10 x 11500 E250 BR	rm	angl	MSE250BR	nos	section	7850.000	1900.000	MS	E250 BR	10.000000	100.000000	11500.000000	100.000000	1900.000000
571011	RM01196	ISA 150 x 150 x 10 x 11500 E250 BR	rm	angl	MSE250BR	nos	section	7850.000	2900.000	MS	E250 BR	10.000000	150.000000	11500.000000	150.000000	2900.000000
571012	RM01197	ISA 150 x 150 x 15 x 11500 E250 BR	rm	angl	MSE250BR	nos	section	7850.000	4275.000	MS	E250 BR	15.000000	150.000000	11500.000000	150.000000	4275.000000
571013	RM01198	ISA 150 x 150 x 16 x 11500 E250 BR	rm	angl	MSE250BR	nos	section	7850.000	4544.000	MS	E250 BR	16.000000	150.000000	11500.000000	150.000000	4544.000000
570511	RM01199	ISA 75 x 75 x 8 x 11500 E250 BR	rm	angl	MSE250BR	nos	section	7850.000	1136.000	MS	E250 BR	8.000000	75.000000	11500.000000	75.000000	1136.000000
570728	RM01200	ISA 100 x 65 x 8 x 11500 E250 BR	rm	angl	MSE250BR	nos	section	7850.000	1256.000	MS	E250 BR	8.000000	65.000000	11500.000000	100.000000	1256.000000
570729	RM01201	ISA 100 x 75 x 8 x 11500 E250 BR	rm	angl	MSE250BR	nos	section	7850.000	1336.000	MS	E250 BR	8.000000	75.000000	11500.000000	100.000000	1336.000000
570756	RM01202	ISA 110 x 110 x 10 x 11500 E250 BR	rm	angl	MSE250BR	nos	section	7850.000	2100.000	MS	E250 BR	10.000000	110.000000	11500.000000	110.000000	2100.000000
570802	RM01203	ISA 125 x 75 x 8 x 11500 E250 BR	rm	angl	MSE250BR	nos	section	7850.000	1536.000	MS	E250 BR	8.000000	75.000000	11500.000000	125.000000	1536.000000
570803	RM01204	ISA 125 x 95 x 10 x 11500 E250 BR	rm	angl	MSE250BR	nos	section	7850.000	2100.000	MS	E250 BR	10.000000	95.000000	11500.000000	125.000000	2100.000000
571014	RM01205	ISA 150 x 115 x 10 x 11500 E250 BR	rm	angl	MSE250BR	nos	section	7850.000	2550.000	MS	E250 BR	10.000000	115.000000	11500.000000	150.000000	2550.000000
571015	RM01206	ISA 150 x 75 x 10 x 11500 E250 BR	rm	angl	MSE250BR	nos	section	7850.000	2150.000	MS	E250 BR	10.000000	75.000000	11500.000000	150.000000	2150.000000
570084	RM01207	ISA 20 x 20 x 3 x 11500 E250 BR	rm	angl	MSE250BR	nos	section	7850.000	111.000	MS	E250 BR	3.000000	20.000000	11500.000000	20.000000	111.000000
571156	RM01208	ISA 200 x 100 x 10 x 11500 E250 BR	rm	angl	MSE250BR	nos	section	7850.000	2900.000	MS	E250 BR	10.000000	100.000000	11500.000000	200.000000	2900.000000
571157	RM01209	ISA 200 x 150 x 12 x 11500 E250 BR	rm	angl	MSE250BR	nos	section	7850.000	4056.000	MS	E250 BR	12.000000	150.000000	11500.000000	200.000000	4056.000000
571158	RM01210	ISA 200 x 200 x 15 x 11500 E250 BR	rm	angl	MSE250BR	nos	section	7850.000	5775.000	MS	E250 BR	15.000000	200.000000	11500.000000	200.000000	5775.000000
571159	RM01211	ISA 200 x 200 x 18 x 11500 E250 BR	rm	angl	MSE250BR	nos	section	7850.000	6876.000	MS	E250 BR	18.000000	200.000000	11500.000000	200.000000	6876.000000
570108	RM01212	ISA 25 x 25 x 3 x 11500 E250 BR	rm	angl	MSE250BR	nos	section	7850.000	141.000	MS	E250 BR	3.000000	25.000000	11500.000000	25.000000	141.000000
570154	RM01213	ISA 30 x 20 x 3 x 11500 E250 BR	rm	angl	MSE250BR	nos	section	7850.000	141.000	MS	E250 BR	3.000000	20.000000	11500.000000	30.000000	141.000000
570155	RM01214	ISA 30 x 30 x 3 x 11500 E250 BR	rm	angl	MSE250BR	nos	section	7850.000	171.000	MS	E250 BR	3.000000	30.000000	11500.000000	30.000000	171.000000
570180	RM01215	ISA 35 x 35 x 5 x 11500 E250 BR	rm	angl	MSE250BR	nos	section	7850.000	325.000	MS	E250 BR	5.000000	35.000000	11500.000000	35.000000	325.000000
570226	RM01216	ISA 40 x 25 x 4 x 11500 E250 BR	rm	angl	MSE250BR	nos	section	7850.000	244.000	MS	E250 BR	4.000000	25.000000	11500.000000	40.000000	244.000000
570227	RM01217	ISA 40 x 40 x 5 x 11500 E250 BR	rm	angl	MSE250BR	nos	section	7850.000	375.000	MS	E250 BR	5.000000	40.000000	11500.000000	40.000000	375.000000
570252	RM01218	ISA 45 x 30 x 4 x 11500 E250 BR	rm	angl	MSE250BR	nos	section	7850.000	284.000	MS	E250 BR	4.000000	30.000000	11500.000000	45.000000	284.000000
570298	RM01219	ISA 50 x 30 x 5 x 11500 E250 BR	rm	angl	MSE250BR	nos	section	7850.000	375.000	MS	E250 BR	5.000000	30.000000	11500.000000	50.000000	375.000000
570299	RM01220	ISA 50 x 50 x 6 x 11500 E250 BR	rm	angl	MSE250BR	nos	section	7850.000	564.000	MS	E250 BR	6.000000	50.000000	11500.000000	50.000000	564.000000
570346	RM01221	ISA 60 x 40 x 5 x 11500 E250 BR	rm	angl	MSE250BR	nos	section	7850.000	475.000	MS	E250 BR	5.000000	40.000000	11500.000000	60.000000	475.000000
570347	RM01222	ISA 60 x 60 x 6 x 11500 E250 BR	rm	angl	MSE250BR	nos	section	7850.000	684.000	MS	E250 BR	6.000000	60.000000	11500.000000	60.000000	684.000000
570394	RM01223	ISA 65 x 45 x 5 x 11500 E250 BR	rm	angl	MSE250BR	nos	section	7850.000	525.000	MS	E250 BR	5.000000	45.000000	11500.000000	65.000000	525.000000
570395	RM01224	ISA 65 x 65 x 6 x 11500 E250 BR	rm	angl	MSE250BR	nos	section	7850.000	744.000	MS	E250 BR	6.000000	65.000000	11500.000000	65.000000	744.000000
570420	RM01225	ISA 70 x 45 x 6 x 11500 E250 BR	rm	angl	MSE250BR	nos	section	7850.000	654.000	MS	E250 BR	6.000000	45.000000	11500.000000	70.000000	654.000000
570512	RM01226	ISA 75 x 50 x 6 x 11500 E250 BR	rm	angl	MSE250BR	nos	section	7850.000	714.000	MS	E250 BR	6.000000	50.000000	11500.000000	75.000000	714.000000
570513	RM01227	ISA 75 x 75 x 6 x 11500 E250 BR	rm	angl	MSE250BR	nos	section	7850.000	864.000	MS	E250 BR	6.000000	75.000000	11500.000000	75.000000	864.000000
570562	RM01228	ISA 80 x 50 x 6 x 11500 E250 BR	rm	angl	MSE250BR	nos	section	7850.000	744.000	MS	E250 BR	6.000000	50.000000	11500.000000	80.000000	744.000000
570563	RM01229	ISA 80 x 80 x 8 x 11500 E250 BR	rm	angl	MSE250BR	nos	section	7850.000	1216.000	MS	E250 BR	8.000000	80.000000	11500.000000	80.000000	1216.000000
570632	RM01230	ISA 90 x 60 x 6 x 11500 E250 BR	rm	angl	MSE250BR	nos	section	7850.000	864.000	MS	E250 BR	6.000000	60.000000	11500.000000	90.000000	864.000000
570633	RM01231	ISA 90 x 60 x 8 x 11500 E250 BR	rm	angl	MSE250BR	nos	section	7850.000	1136.000	MS	E250 BR	8.000000	60.000000	11500.000000	90.000000	1136.000000
570634	RM01232	ISA 90 x 90 x 8 x 11500 E250 BR	rm	angl	MSE250BR	nos	section	7850.000	1376.000	MS	E250 BR	8.000000	90.000000	11500.000000	90.000000	1376.000000
570730	RM01233	ISA 100 x 100 x 12 x 12000 E250 BR	rm	angl	MSE250BR	nos	section	7850.000	2256.000	MS	E250 BR	12.000000	100.000000	12000.000000	100.000000	2256.000000
570875	RM01234	ISA 130 x 130 x 12 x 12000 E250 BR	rm	angl	MSE250BR	nos	section	7850.000	2976.000	MS	E250 BR	12.000000	130.000000	12000.000000	130.000000	2976.000000
571160	RM01235	ISA 200 x 200 x 12 x 12000 E250 BR	rm	angl	MSE250BR	nos	section	7850.000	4656.000	MS	E250 BR	12.000000	200.000000	12000.000000	200.000000	4656.000000
570876	RM01236	ISA 130 x 130 x 10 x 12000 E250 BR	rm	angl	MSE250BR	nos	section	7850.000	2500.000	MS	E250 BR	10.000000	130.000000	12000.000000	130.000000	2500.000000
570877	RM01237	ISA 130 x 130 x 15 x 12000 E250 BR	rm	angl	MSE250BR	nos	section	7850.000	3675.000	MS	E250 BR	15.000000	130.000000	12000.000000	130.000000	3675.000000
571161	RM01238	ISA 200 x 200 x 25 x 12000 E250 BR	rm	angl	MSE250BR	nos	section	7850.000	9375.000	MS	E250 BR	25.000000	200.000000	12000.000000	200.000000	9375.000000
571016	RM01239	ISA 150 x 150 x 12 x 12000 E250 BR	rm	angl	MSE250BR	nos	section	7850.000	3456.000	MS	E250 BR	12.000000	150.000000	12000.000000	150.000000	3456.000000
570514	RM01240	ISA 75 x 75 x 10 x 12000 E250 BR	rm	angl	MSE250BR	nos	section	7850.000	1400.000	MS	E250 BR	10.000000	75.000000	12000.000000	75.000000	1400.000000
570731	RM01241	ISA 100 x 100 x 10 x 12000 E250 BR	rm	angl	MSE250BR	nos	section	7850.000	1900.000	MS	E250 BR	10.000000	100.000000	12000.000000	100.000000	1900.000000
571017	RM01242	ISA 150 x 150 x 10 x 12000 E250 BR	rm	angl	MSE250BR	nos	section	7850.000	2900.000	MS	E250 BR	10.000000	150.000000	12000.000000	150.000000	2900.000000
571018	RM01243	ISA 150 x 150 x 15 x 12000 E250 BR	rm	angl	MSE250BR	nos	section	7850.000	4275.000	MS	E250 BR	15.000000	150.000000	12000.000000	150.000000	4275.000000
571019	RM01244	ISA 150 x 150 x 16 x 12000 E250 BR	rm	angl	MSE250BR	nos	section	7850.000	4544.000	MS	E250 BR	16.000000	150.000000	12000.000000	150.000000	4544.000000
570515	RM01245	ISA 75 x 75 x 8 x 12000 E250 BR	rm	angl	MSE250BR	nos	section	7850.000	1136.000	MS	E250 BR	8.000000	75.000000	12000.000000	75.000000	1136.000000
570732	RM01246	ISA 100 x 65 x 8 x 12000 E250 BR	rm	angl	MSE250BR	nos	section	7850.000	1256.000	MS	E250 BR	8.000000	65.000000	12000.000000	100.000000	1256.000000
570733	RM01247	ISA 100 x 75 x 8 x 12000 E250 BR	rm	angl	MSE250BR	nos	section	7850.000	1336.000	MS	E250 BR	8.000000	75.000000	12000.000000	100.000000	1336.000000
570757	RM01248	ISA 110 x 110 x 10 x 12000 E250 BR	rm	angl	MSE250BR	nos	section	7850.000	2100.000	MS	E250 BR	10.000000	110.000000	12000.000000	110.000000	2100.000000
570804	RM01249	ISA 125 x 75 x 8 x 12000 E250 BR	rm	angl	MSE250BR	nos	section	7850.000	1536.000	MS	E250 BR	8.000000	75.000000	12000.000000	125.000000	1536.000000
570805	RM01250	ISA 125 x 95 x 10 x 12000 E250 BR	rm	angl	MSE250BR	nos	section	7850.000	2100.000	MS	E250 BR	10.000000	95.000000	12000.000000	125.000000	2100.000000
571020	RM01251	ISA 150 x 115 x 10 x 12000 E250 BR	rm	angl	MSE250BR	nos	section	7850.000	2550.000	MS	E250 BR	10.000000	115.000000	12000.000000	150.000000	2550.000000
571021	RM01252	ISA 150 x 75 x 10 x 12000 E250 BR	rm	angl	MSE250BR	nos	section	7850.000	2150.000	MS	E250 BR	10.000000	75.000000	12000.000000	150.000000	2150.000000
570085	RM01253	ISA 20 x 20 x 3 x 12000 E250 BR	rm	angl	MSE250BR	nos	section	7850.000	111.000	MS	E250 BR	3.000000	20.000000	12000.000000	20.000000	111.000000
571162	RM01254	ISA 200 x 100 x 10 x 12000 E250 BR	rm	angl	MSE250BR	nos	section	7850.000	2900.000	MS	E250 BR	10.000000	100.000000	12000.000000	200.000000	2900.000000
571163	RM01255	ISA 200 x 150 x 12 x 12000 E250 BR	rm	angl	MSE250BR	nos	section	7850.000	4056.000	MS	E250 BR	12.000000	150.000000	12000.000000	200.000000	4056.000000
571164	RM01256	ISA 200 x 200 x 15 x 12000 E250 BR	rm	angl	MSE250BR	nos	section	7850.000	5775.000	MS	E250 BR	15.000000	200.000000	12000.000000	200.000000	5775.000000
571165	RM01257	ISA 200 x 200 x 18 x 12000 E250 BR	rm	angl	MSE250BR	nos	section	7850.000	6876.000	MS	E250 BR	18.000000	200.000000	12000.000000	200.000000	6876.000000
570109	RM01258	ISA 25 x 25 x 3 x 12000 E250 BR	rm	angl	MSE250BR	nos	section	7850.000	141.000	MS	E250 BR	3.000000	25.000000	12000.000000	25.000000	141.000000
570156	RM01259	ISA 30 x 20 x 3 x 12000 E250 BR	rm	angl	MSE250BR	nos	section	7850.000	141.000	MS	E250 BR	3.000000	20.000000	12000.000000	30.000000	141.000000
570157	RM01260	ISA 30 x 30 x 3 x 12000 E250 BR	rm	angl	MSE250BR	nos	section	7850.000	171.000	MS	E250 BR	3.000000	30.000000	12000.000000	30.000000	171.000000
570181	RM01261	ISA 35 x 35 x 5 x 12000 E250 BR	rm	angl	MSE250BR	nos	section	7850.000	325.000	MS	E250 BR	5.000000	35.000000	12000.000000	35.000000	325.000000
570228	RM01262	ISA 40 x 25 x 4 x 12000 E250 BR	rm	angl	MSE250BR	nos	section	7850.000	244.000	MS	E250 BR	4.000000	25.000000	12000.000000	40.000000	244.000000
570229	RM01263	ISA 40 x 40 x 5 x 12000 E250 BR	rm	angl	MSE250BR	nos	section	7850.000	375.000	MS	E250 BR	5.000000	40.000000	12000.000000	40.000000	375.000000
570253	RM01264	ISA 45 x 30 x 4 x 12000 E250 BR	rm	angl	MSE250BR	nos	section	7850.000	284.000	MS	E250 BR	4.000000	30.000000	12000.000000	45.000000	284.000000
570300	RM01265	ISA 50 x 30 x 5 x 12000 E250 BR	rm	angl	MSE250BR	nos	section	7850.000	375.000	MS	E250 BR	5.000000	30.000000	12000.000000	50.000000	375.000000
570301	RM01266	ISA 50 x 50 x 6 x 12000 E250 BR	rm	angl	MSE250BR	nos	section	7850.000	564.000	MS	E250 BR	6.000000	50.000000	12000.000000	50.000000	564.000000
570348	RM01267	ISA 60 x 40 x 5 x 12000 E250 BR	rm	angl	MSE250BR	nos	section	7850.000	475.000	MS	E250 BR	5.000000	40.000000	12000.000000	60.000000	475.000000
570349	RM01268	ISA 60 x 60 x 6 x 12000 E250 BR	rm	angl	MSE250BR	nos	section	7850.000	684.000	MS	E250 BR	6.000000	60.000000	12000.000000	60.000000	684.000000
570396	RM01269	ISA 65 x 45 x 5 x 12000 E250 BR	rm	angl	MSE250BR	nos	section	7850.000	525.000	MS	E250 BR	5.000000	45.000000	12000.000000	65.000000	525.000000
570397	RM01270	ISA 65 x 65 x 6 x 12000 E250 BR	rm	angl	MSE250BR	nos	section	7850.000	744.000	MS	E250 BR	6.000000	65.000000	12000.000000	65.000000	744.000000
570421	RM01271	ISA 70 x 45 x 6 x 12000 E250 BR	rm	angl	MSE250BR	nos	section	7850.000	654.000	MS	E250 BR	6.000000	45.000000	12000.000000	70.000000	654.000000
570516	RM01272	ISA 75 x 50 x 6 x 12000 E250 BR	rm	angl	MSE250BR	nos	section	7850.000	714.000	MS	E250 BR	6.000000	50.000000	12000.000000	75.000000	714.000000
570517	RM01273	ISA 75 x 75 x 6 x 12000 E250 BR	rm	angl	MSE250BR	nos	section	7850.000	864.000	MS	E250 BR	6.000000	75.000000	12000.000000	75.000000	864.000000
570564	RM01274	ISA 80 x 50 x 6 x 12000 E250 BR	rm	angl	MSE250BR	nos	section	7850.000	744.000	MS	E250 BR	6.000000	50.000000	12000.000000	80.000000	744.000000
570565	RM01275	ISA 80 x 80 x 8 x 12000 E250 BR	rm	angl	MSE250BR	nos	section	7850.000	1216.000	MS	E250 BR	8.000000	80.000000	12000.000000	80.000000	1216.000000
570635	RM01276	ISA 90 x 60 x 6 x 12000 E250 BR	rm	angl	MSE250BR	nos	section	7850.000	864.000	MS	E250 BR	6.000000	60.000000	12000.000000	90.000000	864.000000
570636	RM01277	ISA 90 x 60 x 8 x 12000 E250 BR	rm	angl	MSE250BR	nos	section	7850.000	1136.000	MS	E250 BR	8.000000	60.000000	12000.000000	90.000000	1136.000000
570637	RM01278	ISA 90 x 90 x 8 x 12000 E250 BR	rm	angl	MSE250BR	nos	section	7850.000	1376.000	MS	E250 BR	8.000000	90.000000	12000.000000	90.000000	1376.000000
571166	RM01279	UB 203 x 133 x 30 kg/m x 11000 E250 BR	rm	beam	MSE250BR	nos	section	7850.000	NULL	MS	E250 BR	NULL	133.000000	11000.000000	203.000000	NULL
571167	RM01280	UB 203 x 133 x 30 kg/m x 12000 E250 BR	rm	beam	MSE250BR	nos	section	7850.000	NULL	MS	E250 BR	NULL	133.000000	12000.000000	203.000000	NULL
571168	RM01281	ISMB 100 x 75 x 4 x 12000 E250 BO	rm	beam	MSE250BO	nos	section	7850.000	NULL	MS	E250 BO	4.000000	75.000000	12000.000000	100.000000	NULL
571169	RM01282	ISMB 125 x 75 x 4.4 x 12000 E250 BO	rm	beam	MSE250BO	nos	section	7850.000	NULL	MS	E250 BO	4.400000	75.000000	12000.000000	125.000000	NULL
571170	RM01283	ISMB 150 x 80 x 4.8 x 12000 E250 BO	rm	beam	MSE250BO	nos	section	7850.000	NULL	MS	E250 BO	4.800000	80.000000	12000.000000	150.000000	NULL
571171	RM01284	ISMB 175 x 90 x 5.1 x 12000 E250 BO	rm	beam	MSE250BO	nos	section	7850.000	NULL	MS	E250 BO	5.100000	90.000000	12000.000000	175.000000	NULL
571172	RM01285	ISMB 200 x 100 x 5.4 x 12000 E250 BO	rm	beam	MSE250BO	nos	section	7850.000	NULL	MS	E250 BO	5.400000	100.000000	12000.000000	200.000000	NULL
571173	RM01286	ISMB 225 x 110 x 5.7 x 12000 E250 BO	rm	beam	MSE250BO	nos	section	7850.000	NULL	MS	E250 BO	5.700000	110.000000	12000.000000	225.000000	NULL
571174	RM01287	ISMB 250 x 125 x 6.1 x 12000 E250 BO	rm	beam	MSE250BO	nos	section	7850.000	NULL	MS	E250 BO	6.100000	125.000000	12000.000000	250.000000	NULL
571175	RM01288	ISMB 300 x 140 x 6.7 x 12000 E250 BO	rm	beam	MSE250BO	nos	section	7850.000	NULL	MS	E250 BO	6.700000	140.000000	12000.000000	300.000000	NULL
571176	RM01289	ISMB 350 x 140 x 8.1 x 12000 E250 BO	rm	beam	MSE250BO	nos	section	7850.000	NULL	MS	E250 BO	8.100000	140.000000	12000.000000	350.000000	NULL
571177	RM01290	ISMB 400 x 140 x 8.9 x 12000 E250 BO	rm	beam	MSE250BO	nos	section	7850.000	NULL	MS	E250 BO	8.900000	140.000000	12000.000000	400.000000	NULL
571178	RM01291	ISMB 450 x 150 x 9.4 x 12000 E250 BO	rm	beam	MSE250BO	nos	section	7850.000	NULL	MS	E250 BO	9.400000	150.000000	12000.000000	450.000000	NULL
571179	RM01292	ISMB 500 x 180 x 10.2 x 12000 E250 BO	rm	beam	MSE250BO	nos	section	7850.000	NULL	MS	E250 BO	10.200000	180.000000	12000.000000	500.000000	NULL
571180	RM01293	ISMB 550 x 190 x 11.2 x 12000 E250 BO	rm	beam	MSE250BO	nos	section	7850.000	NULL	MS	E250 BO	11.200000	190.000000	12000.000000	550.000000	NULL
571181	RM01294	ISMB 600 x 210 x 12 x 12000 E250 BO	rm	beam	MSE250BO	nos	section	7850.000	NULL	MS	E250 BO	12.000000	210.000000	12000.000000	600.000000	NULL
571182	RM01295	ISMB 100 x 75 x 4 x 12600 E250 BO	rm	beam	MSE250BO	nos	section	7850.000	NULL	MS	E250 BO	4.000000	75.000000	12600.000000	100.000000	NULL
571183	RM01296	ISMB 125 x 75 x 4.4 x 12600 E250 BO	rm	beam	MSE250BO	nos	section	7850.000	NULL	MS	E250 BO	4.400000	75.000000	12600.000000	125.000000	NULL
571184	RM01297	ISMB 150 x 80 x 4.8 x 12600 E250 BO	rm	beam	MSE250BO	nos	section	7850.000	NULL	MS	E250 BO	4.800000	80.000000	12600.000000	150.000000	NULL
571185	RM01298	ISMB 175 x 90 x 5.1 x 12600 E250 BO	rm	beam	MSE250BO	nos	section	7850.000	NULL	MS	E250 BO	5.100000	90.000000	12600.000000	175.000000	NULL
571186	RM01299	ISMB 200 x 100 x 5.4 x 12600 E250 BO	rm	beam	MSE250BO	nos	section	7850.000	NULL	MS	E250 BO	5.400000	100.000000	12600.000000	200.000000	NULL
571187	RM01300	ISMB 225 x 110 x 5.7 x 12600 E250 BO	rm	beam	MSE250BO	nos	section	7850.000	NULL	MS	E250 BO	5.700000	110.000000	12600.000000	225.000000	NULL
571188	RM01301	ISMB 250 x 125 x 6.1 x 12600 E250 BO	rm	beam	MSE250BO	nos	section	7850.000	NULL	MS	E250 BO	6.100000	125.000000	12600.000000	250.000000	NULL
571189	RM01302	ISMB 300 x 140 x 6.7 x 12600 E250 BO	rm	beam	MSE250BO	nos	section	7850.000	NULL	MS	E250 BO	6.700000	140.000000	12600.000000	300.000000	NULL
571190	RM01303	ISMB 350 x 140 x 8.1 x 12600 E250 BO	rm	beam	MSE250BO	nos	section	7850.000	NULL	MS	E250 BO	8.100000	140.000000	12600.000000	350.000000	NULL
571191	RM01304	ISMB 400 x 140 x 8.9 x 12600 E250 BO	rm	beam	MSE250BO	nos	section	7850.000	NULL	MS	E250 BO	8.900000	140.000000	12600.000000	400.000000	NULL
571192	RM01305	ISMB 450 x 150 x 9.4 x 12600 E250 BO	rm	beam	MSE250BO	nos	section	7850.000	NULL	MS	E250 BO	9.400000	150.000000	12600.000000	450.000000	NULL
571193	RM01306	ISMB 500 x 180 x 10.2 x 12600 E250 BO	rm	beam	MSE250BO	nos	section	7850.000	NULL	MS	E250 BO	10.200000	180.000000	12600.000000	500.000000	NULL
571194	RM01307	ISMB 550 x 190 x 11.2 x 12600 E250 BO	rm	beam	MSE250BO	nos	section	7850.000	NULL	MS	E250 BO	11.200000	190.000000	12600.000000	550.000000	NULL
571195	RM01308	ISMB 600 x 210 x 12 x 12600 E250 BO	rm	beam	MSE250BO	nos	section	7850.000	NULL	MS	E250 BO	12.000000	210.000000	12600.000000	600.000000	NULL
571196	RM01309	ISHB 150 x 150 x 7.6 x 12000 E250 BO	rm	beam	MSE250BO	nos	section	7850.000	NULL	MS	E250 BO	7.600000	150.000000	12000.000000	150.000000	NULL
571197	RM01310	ISHB 200 x 200 x 7.8 x 12000 E250 BO	rm	beam	MSE250BO	nos	section	7850.000	NULL	MS	E250 BO	7.800000	200.000000	12000.000000	200.000000	NULL
571198	RM01311	ISHB 225 x 225 x 6.5 x 12000 E250 BO	rm	beam	MSE250BO	nos	section	7850.000	NULL	MS	E250 BO	6.500000	225.000000	12000.000000	225.000000	NULL
571199	RM01312	ISHB 250 x 250 x 6.9 x 12000 E250 BO	rm	beam	MSE250BO	nos	section	7850.000	NULL	MS	E250 BO	6.900000	250.000000	12000.000000	250.000000	NULL
571200	RM01313	ISHB 300 x 250 x 7.6 x 12000 E250 BO	rm	beam	MSE250BO	nos	section	7850.000	NULL	MS	E250 BO	7.600000	250.000000	12000.000000	300.000000	NULL
571201	RM01314	ISHB 350 x 250 x 8.3 x 12000 E250 BO	rm	beam	MSE250BO	nos	section	7850.000	NULL	MS	E250 BO	8.300000	250.000000	12000.000000	350.000000	NULL
571202	RM01315	ISHB 400 x 250 x 9.1 x 12000 E250 BO	rm	beam	MSE250BO	nos	section	7850.000	NULL	MS	E250 BO	9.100000	250.000000	12000.000000	400.000000	NULL
571203	RM01316	ISHB 450 x 250 x 9.8 x 12000 E250 BO	rm	beam	MSE250BO	nos	section	7850.000	NULL	MS	E250 BO	9.800000	250.000000	12000.000000	450.000000	NULL
571204	RM01317	ISJB 150 x 50 x 3 x 12000 E250 BO	rm	beam	MSE250BO	nos	section	7850.000	NULL	MS	E250 BO	3.000000	50.000000	12000.000000	150.000000	NULL
571205	RM01318	ISJB 175 x 50 x 3.2 x 12000 E250 BO	rm	beam	MSE250BO	nos	section	7850.000	NULL	MS	E250 BO	3.200000	50.000000	12000.000000	175.000000	NULL
571206	RM01319	ISJB 200 x 60 x 3.4 x 12000 E250 BO	rm	beam	MSE250BO	nos	section	7850.000	NULL	MS	E250 BO	3.400000	60.000000	12000.000000	200.000000	NULL
571207	RM01320	ISJB 225 x 80 x 3.7 x 12000 E250 BO	rm	beam	MSE250BO	nos	section	7850.000	NULL	MS	E250 BO	3.700000	80.000000	12000.000000	225.000000	NULL
571208	RM01321	ISLB 100 x 75 x 4 x 12000 E250 BO	rm	beam	MSE250BO	nos	section	7850.000	NULL	MS	E250 BO	4.000000	75.000000	12000.000000	100.000000	NULL
571209	RM01322	ISLB 125 x 75 x 4.4 x 12000 E250 BO	rm	beam	MSE250BO	nos	section	7850.000	NULL	MS	E250 BO	4.400000	75.000000	12000.000000	125.000000	NULL
571210	RM01323	ISLB 150 x 80 x 4.8 x 12000 E250 BO	rm	beam	MSE250BO	nos	section	7850.000	NULL	MS	E250 BO	4.800000	80.000000	12000.000000	150.000000	NULL
571211	RM01324	ISLB 175 x 90 x 5.1 x 12000 E250 BO	rm	beam	MSE250BO	nos	section	7850.000	NULL	MS	E250 BO	5.100000	90.000000	12000.000000	175.000000	NULL
571212	RM01325	ISLB 200 x 100 x 5.4 x 12000 E250 BO	rm	beam	MSE250BO	nos	section	7850.000	NULL	MS	E250 BO	5.400000	100.000000	12000.000000	200.000000	NULL
571213	RM01326	ISLB 225 x 110 x 5.8 x 12000 E250 BO	rm	beam	MSE250BO	nos	section	7850.000	NULL	MS	E250 BO	5.800000	110.000000	12000.000000	225.000000	NULL
571214	RM01327	ISLB 250 x 125 x 6.1 x 12000 E250 BO	rm	beam	MSE250BO	nos	section	7850.000	NULL	MS	E250 BO	6.100000	125.000000	12000.000000	250.000000	NULL
571215	RM01328	ISLB 275 x 140 x 6.4 x 12000 E250 BO	rm	beam	MSE250BO	nos	section	7850.000	NULL	MS	E250 BO	6.400000	140.000000	12000.000000	275.000000	NULL
571216	RM01329	ISLB 300 x 150 x 6.7 x 12000 E250 BO	rm	beam	MSE250BO	nos	section	7850.000	NULL	MS	E250 BO	6.700000	150.000000	12000.000000	300.000000	NULL
571217	RM01330	ISLB 325 x 165 x 7 x 12000 E250 BO	rm	beam	MSE250BO	nos	section	7850.000	NULL	MS	E250 BO	7.000000	165.000000	12000.000000	325.000000	NULL
571218	RM01331	ISLB 350 x 165 x 7.4 x 12000 E250 BO	rm	beam	MSE250BO	nos	section	7850.000	NULL	MS	E250 BO	7.400000	165.000000	12000.000000	350.000000	NULL
571219	RM01332	ISLB 400 x 165 x 7.8 x 12000 E250 BO	rm	beam	MSE250BO	nos	section	7850.000	NULL	MS	E250 BO	7.800000	165.000000	12000.000000	400.000000	NULL
571220	RM01333	ISLB 450 x 170 x 8.6 x 12000 E250 BO	rm	beam	MSE250BO	nos	section	7850.000	NULL	MS	E250 BO	8.600000	170.000000	12000.000000	450.000000	NULL
571221	RM01334	ISLB 500 x 180 x 9.2 x 12000 E250 BO	rm	beam	MSE250BO	nos	section	7850.000	NULL	MS	E250 BO	9.200000	180.000000	12000.000000	500.000000	NULL
571222	RM01335	ISLB 550 x 190 x 9.9 x 12000 E250 BO	rm	beam	MSE250BO	nos	section	7850.000	NULL	MS	E250 BO	9.900000	190.000000	12000.000000	550.000000	NULL
571223	RM01336	ISLB 600 x 200 x 10.5 x 12000 E250 BO	rm	beam	MSE250BO	nos	section	7850.000	NULL	MS	E250 BO	10.500000	200.000000	12000.000000	600.000000	NULL
571224	RM01337	Channel 100 x 50 x 5 x 12000 E250 BO	rm	chan	MSE250BO	nos	section	7850.000	NULL	MS	E250 BO	5.000000	50.000000	12000.000000	100.000000	NULL
571225	RM01338	Channel 125 x 65 x 5.3 x 12000 E250 BO	rm	chan	MSE250BO	nos	section	7850.000	NULL	MS	E250 BO	5.300000	65.000000	12000.000000	125.000000	NULL
571226	RM01339	Channel 150 x 75 x 5.7 x 12000 E250 BO	rm	chan	MSE250BO	nos	section	7850.000	NULL	MS	E250 BO	5.700000	75.000000	12000.000000	150.000000	NULL
571227	RM01340	Channel 175 x 75 x 6 x 12000 E250 BO	rm	chan	MSE250BO	nos	section	7850.000	NULL	MS	E250 BO	6.000000	75.000000	12000.000000	175.000000	NULL
571228	RM01341	Channel 200 x 75 x 6.2 x 12000 E250 BO	rm	chan	MSE250BO	nos	section	7850.000	NULL	MS	E250 BO	6.200000	75.000000	12000.000000	200.000000	NULL
571229	RM01342	Channel 225 x 80 x 6.4 x 12000 E250 BO	rm	chan	MSE250BO	nos	section	7850.000	NULL	MS	E250 BO	6.400000	80.000000	12000.000000	225.000000	NULL
571230	RM01343	Channel 250 x 80 x 7.2 x 12000 E250 BO	rm	chan	MSE250BO	nos	section	7850.000	NULL	MS	E250 BO	7.200000	80.000000	12000.000000	250.000000	NULL
571231	RM01344	Channel 300 x 90 x 7.6 x 12000 E250 BO	rm	chan	MSE250BO	nos	section	7850.000	NULL	MS	E250 BO	7.600000	90.000000	12000.000000	300.000000	NULL
571232	RM01345	Channel 350 x 100 x 8.1 x 12000 E250 BO	rm	chan	MSE250BO	nos	section	7850.000	NULL	MS	E250 BO	8.100000	100.000000	12000.000000	350.000000	NULL
571233	RM01346	Channel 400 x 100 x 8.6 x 12000 E250 BO	rm	chan	MSE250BO	nos	section	7850.000	NULL	MS	E250 BO	8.600000	100.000000	12000.000000	400.000000	NULL
571234	RM01347	Channel 75 x 40 x 4.8 x 12000 E250 BO	rm	chan	MSE250BO	nos	section	7850.000	NULL	MS	E250 BO	4.800000	40.000000	12000.000000	75.000000	NULL
571235	RM01348	Wide Flange 150 x 100 x 5.4 x 12000 E250 BO	rm	beam	MSE250BO	nos	section	7850.000	NULL	MS	E250 BO	5.400000	100.000000	12000.000000	150.000000	NULL
571236	RM01349	Wide Flange 175 x 125 x 5.8 x 12000 E250 BO	rm	beam	MSE250BO	nos	section	7850.000	NULL	MS	E250 BO	5.800000	125.000000	12000.000000	175.000000	NULL
571237	RM01350	Wide Flange 200 x 140 x 6.1 x 12000 E250 BO	rm	beam	MSE250BO	nos	section	7850.000	NULL	MS	E250 BO	6.100000	140.000000	12000.000000	200.000000	NULL
571238	RM01351	Wide Flange 225 x 150 x 6.4 x 12000 E250 BO	rm	beam	MSE250BO	nos	section	7850.000	NULL	MS	E250 BO	6.400000	150.000000	12000.000000	225.000000	NULL
571239	RM01352	Wide Flange 250 x 165 x 6.7 x 12000 E250 BO	rm	beam	MSE250BO	nos	section	7850.000	NULL	MS	E250 BO	6.700000	165.000000	12000.000000	250.000000	NULL
571240	RM01353	Wide Flange 300 x 200 x 7.4 x 12000 E250 BO	rm	beam	MSE250BO	nos	section	7850.000	NULL	MS	E250 BO	7.400000	200.000000	12000.000000	300.000000	NULL
571241	RM01354	Wide Flange 350 x 200 x 8 x 12000 E250 BO	rm	beam	MSE250BO	nos	section	7850.000	NULL	MS	E250 BO	8.000000	200.000000	12000.000000	350.000000	NULL
571242	RM01355	Wide Flange 400 x 200 x 8.6 x 12000 E250 BO	rm	beam	MSE250BO	nos	section	7850.000	NULL	MS	E250 BO	8.600000	200.000000	12000.000000	400.000000	NULL
571243	RM01356	Wide Flange 450 x 200 x 9.2 x 12000 E250 BO	rm	beam	MSE250BO	nos	section	7850.000	NULL	MS	E250 BO	9.200000	200.000000	12000.000000	450.000000	NULL
571244	RM01357	Wide Flange 500 x 250 x 9.9 x 12000 E250 BO	rm	beam	MSE250BO	nos	section	7850.000	NULL	MS	E250 BO	9.900000	250.000000	12000.000000	500.000000	NULL
571245	RM01358	Wide Flange 550 x 250 x 10.5 x 12000 E250 BO	rm	beam	MSE250BO	nos	section	7850.000	NULL	MS	E250 BO	10.500000	250.000000	12000.000000	550.000000	NULL
571246	RM01359	Wide Flange 600 x 250 x 11.2 x 12000 E250 BO	rm	beam	MSE250BO	nos	section	7850.000	NULL	MS	E250 BO	11.200000	250.000000	12000.000000	600.000000	NULL
571247	RM01360	ISHB 150 x 150 x 7.6 x 12600 E250 BO	rm	beam	MSE250BO	nos	section	7850.000	NULL	MS	E250 BO	7.600000	150.000000	12600.000000	150.000000	NULL
571248	RM01361	ISHB 200 x 200 x 7.8 x 12600 E250 BO	rm	beam	MSE250BO	nos	section	7850.000	NULL	MS	E250 BO	7.800000	200.000000	12600.000000	200.000000	NULL
571249	RM01362	ISHB 225 x 225 x 6.5 x 12600 E250 BO	rm	beam	MSE250BO	nos	section	7850.000	NULL	MS	E250 BO	6.500000	225.000000	12600.000000	225.000000	NULL
571250	RM01363	ISHB 250 x 250 x 6.9 x 12600 E250 BO	rm	beam	MSE250BO	nos	section	7850.000	NULL	MS	E250 BO	6.900000	250.000000	12600.000000	250.000000	NULL
571251	RM01364	ISHB 300 x 250 x 7.6 x 12600 E250 BO	rm	beam	MSE250BO	nos	section	7850.000	NULL	MS	E250 BO	7.600000	250.000000	12600.000000	300.000000	NULL
571252	RM01365	ISHB 350 x 250 x 8.3 x 12600 E250 BO	rm	beam	MSE250BO	nos	section	7850.000	NULL	MS	E250 BO	8.300000	250.000000	12600.000000	350.000000	NULL
571253	RM01366	ISHB 400 x 250 x 9.1 x 12600 E250 BO	rm	beam	MSE250BO	nos	section	7850.000	NULL	MS	E250 BO	9.100000	250.000000	12600.000000	400.000000	NULL
571254	RM01367	ISHB 450 x 250 x 9.8 x 12600 E250 BO	rm	beam	MSE250BO	nos	section	7850.000	NULL	MS	E250 BO	9.800000	250.000000	12600.000000	450.000000	NULL
571255	RM01368	ISJB 150 x 50 x 3 x 12600 E250 BO	rm	beam	MSE250BO	nos	section	7850.000	NULL	MS	E250 BO	3.000000	50.000000	12600.000000	150.000000	NULL
571256	RM01369	ISJB 175 x 50 x 3.2 x 12600 E250 BO	rm	beam	MSE250BO	nos	section	7850.000	NULL	MS	E250 BO	3.200000	50.000000	12600.000000	175.000000	NULL
571257	RM01370	ISJB 200 x 60 x 3.4 x 12600 E250 BO	rm	beam	MSE250BO	nos	section	7850.000	NULL	MS	E250 BO	3.400000	60.000000	12600.000000	200.000000	NULL
571258	RM01371	ISJB 225 x 80 x 3.7 x 12600 E250 BO	rm	beam	MSE250BO	nos	section	7850.000	NULL	MS	E250 BO	3.700000	80.000000	12600.000000	225.000000	NULL
571259	RM01372	ISLB 100 x 75 x 4 x 12600 E250 BO	rm	beam	MSE250BO	nos	section	7850.000	NULL	MS	E250 BO	4.000000	75.000000	12600.000000	100.000000	NULL
571260	RM01373	ISLB 125 x 75 x 4.4 x 12600 E250 BO	rm	beam	MSE250BO	nos	section	7850.000	NULL	MS	E250 BO	4.400000	75.000000	12600.000000	125.000000	NULL
571261	RM01374	ISLB 150 x 80 x 4.8 x 12600 E250 BO	rm	beam	MSE250BO	nos	section	7850.000	NULL	MS	E250 BO	4.800000	80.000000	12600.000000	150.000000	NULL
571262	RM01375	ISLB 175 x 90 x 5.1 x 12600 E250 BO	rm	beam	MSE250BO	nos	section	7850.000	NULL	MS	E250 BO	5.100000	90.000000	12600.000000	175.000000	NULL
571263	RM01376	ISLB 200 x 100 x 5.4 x 12600 E250 BO	rm	beam	MSE250BO	nos	section	7850.000	NULL	MS	E250 BO	5.400000	100.000000	12600.000000	200.000000	NULL
571264	RM01377	ISLB 225 x 110 x 5.8 x 12600 E250 BO	rm	beam	MSE250BO	nos	section	7850.000	NULL	MS	E250 BO	5.800000	110.000000	12600.000000	225.000000	NULL
571265	RM01378	ISLB 250 x 125 x 6.1 x 12600 E250 BO	rm	beam	MSE250BO	nos	section	7850.000	NULL	MS	E250 BO	6.100000	125.000000	12600.000000	250.000000	NULL
571266	RM01379	ISLB 275 x 140 x 6.4 x 12600 E250 BO	rm	beam	MSE250BO	nos	section	7850.000	NULL	MS	E250 BO	6.400000	140.000000	12600.000000	275.000000	NULL
571267	RM01380	ISLB 300 x 150 x 6.7 x 12600 E250 BO	rm	beam	MSE250BO	nos	section	7850.000	NULL	MS	E250 BO	6.700000	150.000000	12600.000000	300.000000	NULL
571268	RM01381	ISLB 325 x 165 x 7 x 12600 E250 BO	rm	beam	MSE250BO	nos	section	7850.000	NULL	MS	E250 BO	7.000000	165.000000	12600.000000	325.000000	NULL
571269	RM01382	ISLB 350 x 165 x 7.4 x 12600 E250 BO	rm	beam	MSE250BO	nos	section	7850.000	NULL	MS	E250 BO	7.400000	165.000000	12600.000000	350.000000	NULL
571270	RM01383	ISLB 400 x 165 x 7.8 x 12600 E250 BO	rm	beam	MSE250BO	nos	section	7850.000	NULL	MS	E250 BO	7.800000	165.000000	12600.000000	400.000000	NULL
571271	RM01384	ISLB 450 x 170 x 8.6 x 12600 E250 BO	rm	beam	MSE250BO	nos	section	7850.000	NULL	MS	E250 BO	8.600000	170.000000	12600.000000	450.000000	NULL
571272	RM01385	ISLB 500 x 180 x 9.2 x 12600 E250 BO	rm	beam	MSE250BO	nos	section	7850.000	NULL	MS	E250 BO	9.200000	180.000000	12600.000000	500.000000	NULL
571273	RM01386	ISLB 550 x 190 x 9.9 x 12600 E250 BO	rm	beam	MSE250BO	nos	section	7850.000	NULL	MS	E250 BO	9.900000	190.000000	12600.000000	550.000000	NULL
571274	RM01387	ISLB 600 x 200 x 10.5 x 12600 E250 BO	rm	beam	MSE250BO	nos	section	7850.000	NULL	MS	E250 BO	10.500000	200.000000	12600.000000	600.000000	NULL
571275	RM01388	Channel 100 x 50 x 5 x 12600 E250 BO	rm	chan	MSE250BO	nos	section	7850.000	NULL	MS	E250 BO	5.000000	50.000000	12600.000000	100.000000	NULL
571276	RM01389	Channel 125 x 65 x 5.3 x 12600 E250 BO	rm	chan	MSE250BO	nos	section	7850.000	NULL	MS	E250 BO	5.300000	65.000000	12600.000000	125.000000	NULL
571277	RM01390	Channel 150 x 75 x 5.7 x 12600 E250 BO	rm	chan	MSE250BO	nos	section	7850.000	NULL	MS	E250 BO	5.700000	75.000000	12600.000000	150.000000	NULL
571278	RM01391	Channel 175 x 75 x 6 x 12600 E250 BO	rm	chan	MSE250BO	nos	section	7850.000	NULL	MS	E250 BO	6.000000	75.000000	12600.000000	175.000000	NULL
571279	RM01392	Channel 200 x 75 x 6.2 x 12600 E250 BO	rm	chan	MSE250BO	nos	section	7850.000	NULL	MS	E250 BO	6.200000	75.000000	12600.000000	200.000000	NULL
571280	RM01393	Channel 225 x 80 x 6.4 x 12600 E250 BO	rm	chan	MSE250BO	nos	section	7850.000	NULL	MS	E250 BO	6.400000	80.000000	12600.000000	225.000000	NULL
571281	RM01394	Channel 250 x 80 x 7.2 x 12600 E250 BO	rm	chan	MSE250BO	nos	section	7850.000	NULL	MS	E250 BO	7.200000	80.000000	12600.000000	250.000000	NULL
571282	RM01395	Channel 300 x 90 x 7.6 x 12600 E250 BO	rm	chan	MSE250BO	nos	section	7850.000	NULL	MS	E250 BO	7.600000	90.000000	12600.000000	300.000000	NULL
571283	RM01396	Channel 350 x 100 x 8.1 x 12600 E250 BO	rm	chan	MSE250BO	nos	section	7850.000	NULL	MS	E250 BO	8.100000	100.000000	12600.000000	350.000000	NULL
571284	RM01397	Channel 400 x 100 x 8.6 x 12600 E250 BO	rm	chan	MSE250BO	nos	section	7850.000	NULL	MS	E250 BO	8.600000	100.000000	12600.000000	400.000000	NULL
571285	RM01398	Channel 75 x 40 x 4.8 x 12600 E250 BO	rm	chan	MSE250BO	nos	section	7850.000	NULL	MS	E250 BO	4.800000	40.000000	12600.000000	75.000000	NULL
571286	RM01399	Wide Flange 150 x 100 x 5.4 x 12600 E250 BO	rm	beam	MSE250BO	nos	section	7850.000	NULL	MS	E250 BO	5.400000	100.000000	12600.000000	150.000000	NULL
571287	RM01400	Wide Flange 175 x 125 x 5.8 x 12600 E250 BO	rm	beam	MSE250BO	nos	section	7850.000	NULL	MS	E250 BO	5.800000	125.000000	12600.000000	175.000000	NULL
571288	RM01401	Wide Flange 200 x 140 x 6.1 x 12600 E250 BO	rm	beam	MSE250BO	nos	section	7850.000	NULL	MS	E250 BO	6.100000	140.000000	12600.000000	200.000000	NULL
571289	RM01402	Wide Flange 225 x 150 x 6.4 x 12600 E250 BO	rm	beam	MSE250BO	nos	section	7850.000	NULL	MS	E250 BO	6.400000	150.000000	12600.000000	225.000000	NULL
571290	RM01403	Wide Flange 250 x 165 x 6.7 x 12600 E250 BO	rm	beam	MSE250BO	nos	section	7850.000	NULL	MS	E250 BO	6.700000	165.000000	12600.000000	250.000000	NULL
571291	RM01404	Wide Flange 300 x 200 x 7.4 x 12600 E250 BO	rm	beam	MSE250BO	nos	section	7850.000	NULL	MS	E250 BO	7.400000	200.000000	12600.000000	300.000000	NULL
571292	RM01405	Wide Flange 350 x 200 x 8 x 12600 E250 BO	rm	beam	MSE250BO	nos	section	7850.000	NULL	MS	E250 BO	8.000000	200.000000	12600.000000	350.000000	NULL
571293	RM01406	Wide Flange 400 x 200 x 8.6 x 12600 E250 BO	rm	beam	MSE250BO	nos	section	7850.000	NULL	MS	E250 BO	8.600000	200.000000	12600.000000	400.000000	NULL
571294	RM01407	Wide Flange 450 x 200 x 9.2 x 12600 E250 BO	rm	beam	MSE250BO	nos	section	7850.000	NULL	MS	E250 BO	9.200000	200.000000	12600.000000	450.000000	NULL
571295	RM01408	Wide Flange 500 x 250 x 9.9 x 12600 E250 BO	rm	beam	MSE250BO	nos	section	7850.000	NULL	MS	E250 BO	9.900000	250.000000	12600.000000	500.000000	NULL
571296	RM01409	Wide Flange 550 x 250 x 10.5 x 12600 E250 BO	rm	beam	MSE250BO	nos	section	7850.000	NULL	MS	E250 BO	10.500000	250.000000	12600.000000	550.000000	NULL
571297	RM01410	Wide Flange 600 x 250 x 11.2 x 12600 E250 BO	rm	beam	MSE250BO	nos	section	7850.000	NULL	MS	E250 BO	11.200000	250.000000	12600.000000	600.000000	NULL
450062	RM2601435	MS Plate 16mm E350 BO	rm	met	NULL	pcs	plate	7850.000	NULL	NULL	E350 BO	16.000000	NULL	NULL	NULL	NULL
450063	RM2601436	MS Plate 20mm E350 BO	rm	met	NULL	pcs	plate	7850.000	NULL	NULL	E350 BO	20.000000	NULL	NULL	NULL	NULL
450064	RM2601437	MS Plate 28mm E350 BO	rm	met	NULL	pcs	plate	7850.000	NULL	NULL	E350 BO	28.000000	NULL	NULL	NULL	NULL
450065	RM2601438	MS Plate 32mm E350 BO	rm	met	NULL	pcs	plate	7850.000	NULL	NULL	E350 BO	32.000000	NULL	NULL	NULL	NULL
450066	RM2601439	MS Plate 40mm E350 BO	rm	met	NULL	pcs	plate	7850.000	NULL	NULL	E350 BO	40.000000	NULL	NULL	NULL	NULL
450067	RM2601440	MS Plate 45mm E350 BO	rm	met	NULL	pcs	plate	7850.000	NULL	NULL	E350 BO	45.000000	NULL	NULL	NULL	NULL
450068	RM2601441	ISA 100x100x10 E350 BO	rm	met	NULL	pcs	section	7850.000	1898.089	NULL	E350 BO	10.000000	NULL	NULL	NULL	1898.089000
450069	RM2601442	ISMC 200 E350 BO	rm	met	NULL	pcs	section	7850.000	2821.000	NULL	E350 BO	6.100000	NULL	NULL	NULL	2821.000000
510062	RM26RM01456	MS Plate 12mm E350 BO	rm	met	NULL	pcs	plate	7850.000	NULL	NULL	E350 BO	12.000000	NULL	NULL	NULL	NULL
510063	RM26RM01457	MS Plate 25mm E350 BO	rm	met	NULL	pcs	plate	7850.000	NULL	NULL	E350 BO	25.000000	NULL	NULL	NULL	NULL
630062	RM26RM01458	MS Plate 12 x 2300 x 12050 E350 BO	rm	plat	MSE350BO	nos	plate	7850.000	NULL	MS	E350 BO	12.000000	2300.000000	12050.000000	NULL	NULL
630063	RM26RM01459	MS Plate 12 x 2250 x 12050 E350 BO	rm	plat	MSE350BO	nos	plate	7850.000	NULL	MS	E350 BO	12.000000	2250.000000	12050.000000	NULL	NULL
630064	RM26RM01460	MS Plate 16 x 2500 x 12050 E350 BO	rm	plat	MSE350BO	nos	plate	7850.000	NULL	MS	E350 BO	16.000000	2500.000000	12050.000000	NULL	NULL
630065	RM26RM01461	MS Plate 25 x 1750 x 10850 E350 BO	rm	plat	MSE350BO	nos	plate	7850.000	NULL	MS	E350 BO	25.000000	1750.000000	10850.000000	NULL	NULL
630066	RM26RM01462	MS Plate 28 x 3100 x 12050 E350 BO	rm	plat	MSE350BO	nos	plate	7850.000	NULL	MS	E350 BO	28.000000	3100.000000	12050.000000	NULL	NULL
630067	RM26RM01463	MS Plate 40 x 2150 x 12050 E350 BO	rm	plat	MSE350BO	nos	plate	7850.000	NULL	MS	E350 BO	40.000000	2150.000000	12050.000000	NULL	NULL
